0,1,2,3,4
"('credit report', 0.5145)","('report step', 0.4784)","('report information', 0.4694)","('report online', 0.4626)","('scam agency', 0.4519)"
"('remove credit', 0.5886)","('insurance hospital', 0.53)","('debt pay', 0.4869)","('pay insurance', 0.4832)","('hospital remove', 0.4825)"
"('reverse mrtg', 0.5993)","('apply reverse', 0.5954)","('mrtg turn', 0.5386)","('reverse', 0.4445)","('mrtg', 0.426)"
"('deposit issue', 0.5589)","('check landlord', 0.5481)","('bank deposit', 0.514)","('union bank', 0.5063)","('day landlord', 0.4994)"
"('cfpb complaint', 0.5135)","('complaint boa', 0.5103)","('consequence bank', 0.4918)","('complaint documentation', 0.4871)","('documentation bank', 0.4749)"
"('dispute remove', 0.5703)","('pay collection', 0.5531)","('pay account', 0.5022)","('account pay', 0.4857)","('remove proof', 0.4721)"
"('stop payment', 0.5699)","('payment auto', 0.5613)","('process payment', 0.523)","('draft payment', 0.522)","('payment process', 0.5178)"
"('escrow homeowner', 0.6191)","('escrow', 0.5492)","('homeowner insurance', 0.5321)","('insurance company', 0.4992)","('mortage company', 0.4432)"
"('debt collector', 0.6571)","('debt register', 0.6109)","('legitimate debt', 0.5594)","('debt send', 0.5104)","('send debt', 0.5052)"
"('purchase condominium', 0.5444)","('sell condo', 0.5425)","('tell condo', 0.5106)","('condo', 0.5023)","('pinnacle mortgage', 0.4933)"
"('bankruptcy discharge', 0.6402)","('bankruptcy', 0.4638)","('continue credit', 0.4559)","('credit report', 0.4371)","('discharge continue', 0.4267)"
"('insurance credit', 0.534)","('auto insurance', 0.5179)","('prove insurance', 0.4973)","('prior payment', 0.4757)","('insurance policy', 0.4701)"
"('apply refinance', 0.526)","('refinance home', 0.5036)","('change mortgage', 0.4922)","('refinance', 0.478)","('mortgage provide', 0.4697)"
"('credit report', 0.5879)","('settlement reporting', 0.554)","('credit history', 0.5186)","('court settlement', 0.4902)","('court judgment', 0.4757)"
"('identity theft', 0.7123)","('victim identity', 0.5718)","('theft', 0.5559)","('theft steal', 0.533)","('credit account', 0.4791)"
"('payment greentree', 0.5465)","('loan balance', 0.5351)","('payment reduce', 0.4894)","('mortgage payment', 0.4733)","('base loan', 0.4712)"
"('reporting bankruptcy', 0.5721)","('equifax reporting', 0.568)","('dispute equifax', 0.5455)","('dispute bankruptcy', 0.5341)","('fact bankruptcy', 0.497)"
"('credit bureaus', 0.5297)","('public record', 0.5251)","('credit bureau', 0.5214)","('credit reporting', 0.5118)","('bureau properly', 0.4783)"
"('work threate', 0.4782)","('arrangement debt', 0.4601)","('threate employee', 0.4593)","('debt refuse', 0.4571)","('debt', 0.4428)"
"('credit threaten', 0.5765)","('harrasse harrassed', 0.5231)","('late payment', 0.4888)","('harrassed stressful', 0.4784)","('harrassed', 0.4612)"
"('closed account', 0.6562)","('close bank', 0.5955)","('remain account', 0.5157)","('bank account', 0.5154)","('account firstmerit', 0.505)"
"('debt collection', 0.4951)","('validation debt', 0.4919)","('letter fair', 0.4855)","('ignore letter', 0.4602)","('credit report', 0.4405)"
"('account pay', 0.5209)","('medical account', 0.5186)","('payment apply', 0.5171)","('send payment', 0.5141)","('payment option', 0.5003)"
"('membership buy', 0.479)","('account service', 0.468)","('membership future', 0.4646)","('sell membership', 0.4555)","('finance membership', 0.4551)"
"('overdue', 0.5205)","('account', 0.5144)","('know overdue', 0.4994)","('account like', 0.4683)","('overdue come', 0.4544)"
"('address report', 0.7264)","('incorrect reside', 0.5829)","('report incorrect', 0.5631)","('address', 0.48)","('reside', 0.4602)"
"('lender reject', 0.4704)","('lender refuse', 0.4477)","('close lender', 0.4348)","('tell loan', 0.4267)","('loan officer', 0.403)"
"('amerisave refund', 0.5822)","('ask lender', 0.4963)","('quote refinance', 0.4906)","('refund appraisal', 0.4689)","('refinance home', 0.4628)"
"('bank husband', 0.4717)","('beneficiary husband', 0.4472)","('husband account', 0.4429)","('need beneficiary', 0.4416)","('account husband', 0.4383)"
"('money contact', 0.511)","('money moneygram', 0.4776)","('moneygram transaction', 0.4703)","('execute moneygram', 0.4621)","('moneygram delaware', 0.4425)"
"('debt collection', 0.592)","('use debt', 0.5562)","('debt collector', 0.549)","('loan debt', 0.5374)","('debt', 0.5302)"
"('creditor report', 0.4359)","('service creditor', 0.4145)","('account collection', 0.4132)","('access credit', 0.4111)","('collection agency', 0.4015)"
"('payment mail', 0.5412)","('payment plan', 0.5051)","('final notice', 0.4993)","('payment arrangement', 0.4989)","('ask payment', 0.4931)"
"('payment history', 0.5066)","('agreement remove', 0.4966)","('credit report', 0.4746)","('settlement agreement', 0.4489)","('honor agreement', 0.4186)"
"('loan cash', 0.6062)","('loan', 0.5542)","('cash callxxxx', 0.4471)","('state louisiana', 0.3785)","('cash', 0.3516)"
"('payday loan', 0.665)","('pay loan', 0.6287)","('loan ask', 0.5666)","('employment borrow', 0.5247)","('loan lose', 0.5213)"
"('claim act', 0.5622)","('debt respond', 0.5421)","('request claim', 0.5329)","('owe support', 0.498)","('document request', 0.4615)"
"('card fraud', 0.4908)","('credit card', 0.4458)","('card customer', 0.4445)","('card deny', 0.4306)","('card reject', 0.4249)"
"('email credit', 0.5961)","('credit alert', 0.5769)","('credit report', 0.502)","('stellar recovery', 0.4159)","('report send', 0.3902)"
"('apply modification', 0.4176)","('counselor submit', 0.3779)","('income house', 0.3748)","('housing counselor', 0.3692)","('mortgage service', 0.3635)"
"('loan school', 0.6114)","('school loan', 0.6112)","('universityxxxx xxxxi', 0.5394)","('universityxxxx', 0.5172)","('loan start', 0.5105)"
"('equifax report', 0.6436)","('report equifax', 0.6151)","('review equifax', 0.6123)","('equifax credit', 0.6115)","('factor equifax', 0.5882)"
"('agreement servicer', 0.5198)","('foreclosure servicer', 0.4498)","('modification servicer', 0.4159)","('loan modification', 0.4095)","('agreement require', 0.4067)"
"('loan complaint', 0.5765)","('problem loan', 0.5528)","('loan huntington', 0.525)","('complaint bank', 0.5207)","('bank report', 0.4952)"
"('payment navient', 0.6382)","('payment loan', 0.5423)","('principal payment', 0.4935)","('payment allocate', 0.4918)","('pay loan', 0.485)"
"('employer landlord', 0.5536)","('landlord', 0.4579)","('phone employer', 0.4468)","('employer phone', 0.425)","('harass boss', 0.4137)"
"('credit card', 0.5188)","('enroll credit', 0.4929)","('college credit', 0.4803)","('credit protection', 0.4791)","('apply card', 0.458)"
"('account credit', 0.4793)","('credit report', 0.4629)","('account address', 0.4371)","('account attempt', 0.4368)","('open account', 0.436)"
"('account investigation', 0.5494)","('transaction bank', 0.517)","('fraud department', 0.4946)","('online banking', 0.4858)","('banking notice', 0.4823)"
"('debt college', 0.5518)","('live debt', 0.4378)","('debt', 0.4335)","('completely debt', 0.4312)","('remain debt', 0.4238)"
"('modifocation loan', 0.6332)","('loan approve', 0.5907)","('approve hamp', 0.5757)","('hamp modifocation', 0.5563)","('trial payment', 0.5061)"
"('want refinance', 0.5576)","('refinance loan', 0.5492)","('refinance', 0.5488)","('refinance apartment', 0.5271)","('loan maintain', 0.5027)"
"('account hsbc', 0.5622)","('credit account', 0.5197)","('card account', 0.4744)","('hsbc', 0.4734)","('open credit', 0.4522)"
"('loan contact', 0.5378)","('security finance', 0.5144)","('loan paper', 0.5046)","('signing loan', 0.5003)","('speak loan', 0.489)"
"('citigold customer', 0.5263)","('understaffed citigold', 0.4722)","('loyal citigold', 0.4534)","('banking', 0.4301)","('alternative banking', 0.4108)"
"('complaint bank', 0.5477)","('mortgage modification', 0.5167)","('file complaint', 0.5055)","('payment modification', 0.4544)","('county florida', 0.4291)"
"('barclay servicer', 0.4571)","('close account', 0.4571)","('service ask', 0.442)","('customer service', 0.4332)","('serviced barclay', 0.4294)"
"('predatory fee', 0.563)","('transaction boa', 0.5466)","('fee overdraft', 0.5123)","('lawsuit predatory', 0.5103)","('contact boa', 0.5054)"
"('mortgage uderstand', 0.8381)","('uderstand qualify', 0.618)","('mortgage', 0.5381)","('uderstand', 0.4521)","('qualify', 0.3367)"
"('fee card', 0.5489)","('business card', 0.5407)","('bank issuer', 0.5393)","('credit card', 0.4931)","('business credit', 0.4736)"
"('equifax', 0.5135)","('equifax score', 0.5047)","('time equifax', 0.4945)","('fax court', 0.4813)","('equifax ask', 0.4783)"
"('sell loan', 0.5831)","('unlawfulillegal loan', 0.538)","('loan account', 0.5291)","('info sell', 0.5276)","('loan distribute', 0.5185)"
"('genesis loan', 0.5697)","('loan annoying', 0.5244)","('pay loan', 0.4841)","('loan cover', 0.4803)","('loan', 0.4498)"
"('account credit', 0.5693)","('credit account', 0.5596)","('close account', 0.5549)","('credit contact', 0.5262)","('rid account', 0.4954)"
"('depth pay', 0.7335)","('credit agency', 0.6023)","('pay credit', 0.5951)","('credit', 0.5047)","('depth', 0.4351)"
"('pay debt', 0.6449)","('debt', 0.5582)","('loan pay', 0.5336)","('debt car', 0.532)","('student loan', 0.4695)"
"('express account', 0.4631)","('transaction card', 0.4479)","('customer cardholder', 0.4344)","('cardholder insufficient', 0.4337)","('express customer', 0.43)"
"('coverage condo', 0.6509)","('month condo', 0.5462)","('purchase coverage', 0.5413)","('condo mortgage', 0.5344)","('insurance policy', 0.5275)"
"('contact lexus', 0.5192)","('lexus nexus', 0.4957)","('nexus incorrect', 0.4882)","('data credit', 0.4037)","('response mail', 0.388)"
"('loan signer', 0.4915)","('loan loan', 0.4748)","('signer loan', 0.4659)","('student loan', 0.4533)","('loan', 0.4434)"
"('foreclosure department', 0.567)","('active foreclosure', 0.5641)","('home foreclosure', 0.5536)","('foreclosure status', 0.5503)","('foreclosure', 0.5448)"
"('freedom mortgage', 0.5351)","('payment post', 0.5268)","('mortgage provide', 0.5146)","('payment day', 0.5075)","('reveive payment', 0.4946)"
"('unauthorized inquiry', 0.5383)","('inquiry unauthorized', 0.5332)","('fraud alert', 0.5134)","('alert credit', 0.4877)","('credit bureaus', 0.4629)"
"('mortgage tcf', 0.5788)","('tcf appraiser', 0.5097)","('tcf branch', 0.4777)","('information tcf', 0.4737)","('mortgage want', 0.4303)"
"('equifax remove', 0.541)","('credit report', 0.5307)","('report balance', 0.5275)","('request equifax', 0.5245)","('account report', 0.5041)"
"('assistance chase', 0.5365)","('chase lending', 0.5245)","('chase refinance', 0.4831)","('chase request', 0.4723)","('write chase', 0.4717)"
"('credit dispute', 0.5088)","('check credit', 0.4865)","('payment home', 0.4828)","('credit report', 0.482)","('pay balance', 0.4652)"
"('home loan', 0.5218)","('catch loan', 0.5094)","('loan lose', 0.5052)","('loan refuse', 0.5047)","('loan mail', 0.4603)"
"('loan modification', 0.5776)","('apply loan', 0.5396)","('bank citimortgage', 0.535)","('loan fix', 0.5295)","('loan', 0.5041)"
"('caller', 0.5054)","('caller display', 0.4845)","('debt collector', 0.4034)","('numer caller', 0.3908)","('claim debt', 0.3797)"
"('billing', 0.4938)","('billing cycle', 0.4925)","('charge service', 0.4652)","('payment post', 0.4603)","('fee service', 0.4574)"
"('lawsuit debt', 0.6383)","('sue debt', 0.6121)","('law debt', 0.5615)","('file lawsuit', 0.5118)","('court colorado', 0.5036)"
"('debt owe', 0.5209)","('loan attorney', 0.5047)","('loan discuss', 0.4818)","('card debt', 0.4814)","('owe', 0.4769)"
"('account closed', 0.5533)","('bank action', 0.5479)","('bank prove', 0.5366)","('prove bank', 0.5175)","('saving account', 0.4697)"
"('writing send', 0.513)","('letter send', 0.5051)","('communicate writing', 0.502)","('write request', 0.4882)","('phone communication', 0.4659)"
"('misinformation loan', 0.5753)","('signer misinformation', 0.4664)","('education service', 0.4618)","('loan default', 0.4524)","('incompetent predatory', 0.4294)"
"('express account', 0.4603)","('outstanding account', 0.4394)","('credit bureaus', 0.4292)","('account amex', 0.4228)","('balance amex', 0.411)"
"('refinance home', 0.4801)","('loan home', 0.478)","('affordable refinance', 0.4619)","('loan refinance', 0.457)","('home loan', 0.4565)"
"('loan mail', 0.525)","('auto loan', 0.504)","('payment post', 0.4777)","('monthly payment', 0.4359)","('loan account', 0.4323)"
"('fraud bank', 0.5518)","('owe', 0.4664)","('collection owe', 0.4651)","('payment text', 0.4499)","('loan', 0.4498)"
"('forgive debt', 0.6164)","('debt ask', 0.5834)","('debt', 0.5383)","('unemployed ask', 0.4665)","('ask mcm', 0.4372)"
"('hipaa step', 0.5558)","('hipaa', 0.5364)","('verifying hipaa', 0.5012)","('number hospital', 0.4078)","('contact attorney', 0.3969)"
"('employment info', 0.6561)","('miss work', 0.6496)","('employment', 0.5006)","('info miss', 0.4935)","('work', 0.3503)"
"('happen debit', 0.5694)","('account debit', 0.5617)","('banked bank', 0.533)","('debtor debit', 0.5327)","('debit account', 0.5269)"
"('fictitious debt', 0.5493)","('collect debt', 0.5253)","('debt collection', 0.5208)","('credit report', 0.5189)","('discover debt', 0.508)"
"('chapter bankruptcy', 0.6555)","('bankruptcy case', 0.6415)","('bankruptcy', 0.5882)","('credit report', 0.5811)","('report update', 0.4927)"
"('collection report', 0.5715)","('collection account', 0.519)","('credit report', 0.5116)","('awa collection', 0.4942)","('account credit', 0.4603)"
"('payment care', 0.5347)","('care credit', 0.528)","('pay vet', 0.4747)","('vet hospital', 0.4611)","('vet office', 0.46)"
"('account idea', 0.516)","('online account', 0.5092)","('billing', 0.4946)","('billing cycle', 0.4771)","('account', 0.4494)"
"('report equifax', 0.6059)","('equifax process', 0.6051)","('equifax responsible', 0.5834)","('creditor equifax', 0.5732)","('equifax update', 0.5595)"
"('guardian mortgage', 0.562)","('mortgage texas', 0.5196)","('homeless abusive', 0.459)","('withhold insurance', 0.4049)","('pay mortgage', 0.4046)"
"('purchase vehicle', 0.4808)","('purchase car', 0.4734)","('issue car', 0.4654)","('pay car', 0.4587)","('need car', 0.4429)"
"('collect debt', 0.5693)","('number employer', 0.5309)","('debt', 0.4859)","('employer try', 0.3867)","('try collect', 0.3685)"
"('bankruptcy divorce', 0.5339)","('file bankruptcy', 0.5144)","('divorce notify', 0.4854)","('contact family', 0.471)","('job cease', 0.469)"
"('contact lender', 0.5167)","('lender mortgage', 0.4847)","('mortgage tell', 0.4419)","('lender', 0.4407)","('insure loan', 0.4402)"
"('steal restaurant', 0.4745)","('steal card', 0.4702)","('card steal', 0.4448)","('debit card', 0.4388)","('steal area', 0.4085)"
"('collection notice', 0.5804)","('closed account', 0.5218)","('statue limitation', 0.5111)","('account statue', 0.5)","('limitation state', 0.405)"
"('balance account', 0.5886)","('month balance', 0.536)","('balance balance', 0.4642)","('error fluctuation', 0.4471)","('fluctuation error', 0.4429)"
"('rent credit', 0.5256)","('rent inform', 0.5122)","('agency ncc', 0.4642)","('credit report', 0.4579)","('resolve rent', 0.4554)"
"('weekend modem', 0.491)","('order modem', 0.4831)","('modem day', 0.479)","('modem service', 0.4743)","('complaint think', 0.4633)"
"('complaint file', 0.5632)","('loan mpn', 0.5144)","('addendum complaint', 0.4603)","('loan record', 0.443)","('private loan', 0.4303)"
"('sue hsbc', 0.6738)","('hsbc debt', 0.6583)","('debt fraudlent', 0.569)","('fraudlent charge', 0.5334)","('hsbc', 0.5282)"
"('account deposit', 0.5703)","('account lock', 0.5615)","('deposit ally', 0.5327)","('deposit check', 0.5289)","('account ally', 0.5193)"
"('default payment', 0.5898)","('notice default', 0.5159)","('charge postage', 0.4904)","('postage send', 0.4638)","('send notice', 0.4623)"
"('late fee', 0.5821)","('late payment', 0.5565)","('fee date', 0.5326)","('charge late', 0.5289)","('fee payment', 0.5035)"
"('chase debt', 0.4047)","('write chase', 0.3988)","('debt relate', 0.3881)","('debt', 0.3864)","('chase loan', 0.3535)"
"('send escrow', 0.5107)","('home loan', 0.4805)","('escrow accounting', 0.4768)","('bankruptcy case', 0.4714)","('caliber home', 0.4686)"
"('truck payment', 0.5092)","('payment job', 0.4813)","('truck patience', 0.4656)","('truck repo', 0.422)","('equity truck', 0.4154)"
"('wells fargo', 0.5199)","('open bank', 0.4963)","('account clerk', 0.463)","('nationwide bank', 0.4423)","('closing account', 0.438)"
"('inquiry credit', 0.5753)","('credit report', 0.5714)","('springleaf finance', 0.4838)","('inquiry file', 0.47)","('match creditor', 0.4513)"
"('deny eviction', 0.4251)","('eviction pay', 0.4067)","('restraining order', 0.4056)","('eviction know', 0.3953)","('state restraining', 0.3899)"
"('scottrade inquire', 0.7053)","('fraud scottrade', 0.6822)","('appeal scottrade', 0.6806)","('scottrade instruct', 0.6797)","('concern scottrade', 0.6755)"
"('remove credit', 0.6437)","('credit reporting', 0.5253)","('credit report', 0.5216)","('line remove', 0.4345)","('remove item', 0.4334)"
"('mortgage servicer', 0.4973)","('apply escrow', 0.4862)","('mortgage confirm', 0.4661)","('satisfied escrow', 0.4627)","('escrow disclosure', 0.4595)"
"('report credit', 0.5506)","('credit reporting', 0.5464)","('report ocwen', 0.5067)","('complaint case', 0.5036)","('harm credit', 0.4899)"
"('mortgage repeatedly', 0.5705)","('nationstar mortgage', 0.5656)","('send refinance', 0.5584)","('send refinancing', 0.5262)","('refinancing want', 0.519)"
"('fake caller', 0.6425)","('caller debt', 0.6401)","('caller number', 0.4988)","('caller representation', 0.4871)","('caller', 0.4849)"
"('charge overdraft', 0.7242)","('overdraft transaction', 0.7021)","('bank responsible', 0.5779)","('overdraft', 0.5562)","('bank resolution', 0.5467)"
"('debt verification', 0.618)","('debt verify', 0.614)","('verify debt', 0.6047)","('settle debt', 0.5451)","('debt purchase', 0.5424)"
"('refinance', 0.51)","('escrow agree', 0.4966)","('money escrow', 0.4778)","('refinance mortgage', 0.4741)","('escrow erroneously', 0.4514)"
"('account close', 0.6278)","('account barclay', 0.6073)","('charge account', 0.5678)","('barclay confirm', 0.5518)","('barclay bank', 0.5413)"
"('credit report', 0.6396)","('credit bureaus', 0.5212)","('review credit', 0.5138)","('information credit', 0.5076)","('inaccurately report', 0.5043)"
"('foreclosure', 0.5057)","('foreclosure refer', 0.4881)","('complaint case', 0.4604)","('pay foreclosure', 0.4578)","('issue bank', 0.4537)"
"('debt sister', 0.6178)","('person debt', 0.5669)","('debt', 0.5109)","('loan', 0.4533)","('insist loan', 0.4306)"
"('contact bank', 0.5229)","('debt collection', 0.5055)","('monarch debt', 0.4937)","('bank contact', 0.4685)","('debt validation', 0.4659)"
"('violate fdcpa', 0.5178)","('owe notice', 0.5024)","('adjuster claim', 0.4996)","('fdcpa section', 0.4973)","('credit adjuster', 0.4885)"
"('yard tear', 0.4416)","('property tree', 0.4381)","('tear electrical', 0.4241)","('tree yard', 0.4219)","('wind damage', 0.4018)"
"('try mortgage', 0.4732)","('attempt mortgage', 0.4568)","('promise mortgage', 0.4034)","('mortgage', 0.4005)","('reduce payment', 0.3882)"
"('phh mortgage', 0.4733)","('insurance information', 0.4495)","('check escrow', 0.4478)","('mortgage company', 0.4402)","('insurance provide', 0.4325)"
"('paycheck chase', 0.5943)","('deposit chase', 0.5725)","('chase locked', 0.5339)","('deposit paycheck', 0.5111)","('chase checking', 0.5018)"
"('credit reporting', 0.5536)","('report bank', 0.545)","('reporting bureaus', 0.5322)","('investigate fraud', 0.5023)","('bank equifax', 0.5001)"
"('apartment weekly', 0.4281)","('problem apartment', 0.4213)","('apartment incident', 0.4127)","('report fraudulant', 0.4064)","('apartment problem', 0.405)"
"('freedom mortgage', 0.4948)","('cash check', 0.4916)","('apply payment', 0.4902)","('loan account', 0.4883)","('say payment', 0.4791)"
"('debt collection', 0.5395)","('collection agency', 0.5104)","('debt', 0.4392)","('agency tell', 0.4207)","('security number', 0.3978)"
"('modify payment', 0.5149)","('deny modification', 0.5087)","('fargo deny', 0.4988)","('support modify', 0.4142)","('payment rental', 0.394)"
"('report credit', 0.5795)","('report incorrectly', 0.4996)","('query credit', 0.4954)","('report charge', 0.4794)","('delete report', 0.4763)"
"('volvo collision', 0.6142)","('volvo', 0.4579)","('collision damage', 0.4533)","('credit deductible', 0.425)","('damage result', 0.4144)"
"('cancel service', 0.5429)","('service termination', 0.5207)","('dissatisfaction billing', 0.4927)","('terminate service', 0.4808)","('termination', 0.4516)"
"('debt wife', 0.6)","('pay debt', 0.5251)","('debt belong', 0.5232)","('proof debt', 0.5135)","('debt', 0.511)"
"('job phone', 0.4312)","('receive caller', 0.4221)","('case caller', 0.4026)","('caller register', 0.374)","('contact job', 0.3723)"
"('recall wire', 0.5776)","('send wire', 0.5593)","('wire send', 0.5469)","('email boss', 0.5329)","('wire confirm', 0.526)"
"('report freezes', 0.5608)","('credit report', 0.556)","('credit inform', 0.5272)","('freeze report', 0.5091)","('credit deny', 0.5076)"
"('settlement ask', 0.4647)","('seek settlement', 0.4564)","('reduce settlement', 0.3981)","('greentree seek', 0.3965)","('settlement deficiency', 0.3939)"
"('loan inform', 0.4929)","('loan house', 0.4823)","('heloc loan', 0.4716)","('contract house', 0.4687)","('loan', 0.4577)"
"('loan chase', 0.6123)","('chase reimburse', 0.5722)","('bank chaseloan', 0.5674)","('request chase', 0.5484)","('document chase', 0.523)"
"('miss deposit', 0.5618)","('glitch fund', 0.4804)","('deposit post', 0.4776)","('direct deposit', 0.4607)","('deposit payroll', 0.457)"
"('credit report', 0.6325)","('inquire credit', 0.5665)","('credit', 0.4751)","('capital make', 0.4705)","('capital', 0.4393)"
"('fargo overdraft', 0.5458)","('wells fargo', 0.524)","('overdraw fargo', 0.4925)","('pay overdraft', 0.4305)","('bank', 0.4182)"
"('consent judgement', 0.5375)","('divulge debt', 0.4782)","('deliver consent', 0.4265)","('midland fund', 0.4202)","('track police', 0.3719)"
"('credit reporting', 0.5666)","('credit report', 0.541)","('credit file', 0.5381)","('information credit', 0.4661)","('report documentation', 0.4577)"
"('hotel debit', 0.5823)","('block debit', 0.5367)","('use bank', 0.525)","('debit card', 0.5156)","('debit', 0.4874)"
"('complaint write', 0.4822)","('harassment company', 0.4624)","('company unemployment', 0.4374)","('company refuse', 0.418)","('unemployment compensation', 0.3962)"
"('ach transaction', 0.4238)","('transfer eft', 0.4203)","('transfer ach', 0.411)","('account electronic', 0.4092)","('eft usaa', 0.402)"
"('mortgage', 0.5672)","('mortgage sell', 0.5473)","('loan', 0.5278)","('time mortgage', 0.5153)","('harp loan', 0.5129)"
"('delinquency email', 0.4472)","('notice delinquency', 0.4388)","('creditor notify', 0.4252)","('address stay', 0.4202)","('bankruptcy creditor', 0.4193)"
"('balance owe', 0.5016)","('account connecticut', 0.4923)","('credit balance', 0.4701)","('contact office', 0.4597)","('csr account', 0.4542)"
"('debt aware', 0.5781)","('report debt', 0.5742)","('debt verification', 0.5742)","('aware debt', 0.5544)","('receive debt', 0.5466)"
"('document federal', 0.5005)","('federal help', 0.4901)","('fargo submit', 0.4801)","('fargo respond', 0.474)","('fargo sign', 0.4484)"
"('garnish ssi', 0.5102)","('court garnish', 0.4581)","('warrant arrest', 0.4411)","('ssi collecter', 0.4366)","('warrant', 0.4351)"
"('loan amerifirst', 0.5942)","('predatory loan', 0.5591)","('bankruptcy amerifirst', 0.5524)","('amerifirst complaint', 0.5502)","('loan claim', 0.5342)"
"('escrow account', 0.4406)","('escrow', 0.4324)","('notice mortgage', 0.4219)","('add escrow', 0.4133)","('mortgage right', 0.3975)"
"('westersky loan', 0.6442)","('westersky', 0.5108)","('loan delbert', 0.4394)","('loan cashcall', 0.4251)","('contact office', 0.4172)"
"('payment refi', 0.4745)","('mortgage penny', 0.4505)","('loan amatuer', 0.4282)","('mortgage', 0.4251)","('loan week', 0.424)"
"('escrow account', 0.6227)","('escrow dept', 0.6035)","('eliminate escrow', 0.5895)","('deficit escrow', 0.5877)","('insurance escrow', 0.5839)"
"('close buyer', 0.4841)","('pay closed', 0.4831)","('wells fargo', 0.4339)","('closed year', 0.4241)","('remove title', 0.3762)"
"('report credit', 0.6387)","('credit reportit', 0.632)","('credit report', 0.6285)","('credit reportand', 0.5804)","('credit score', 0.526)"
"('unable update', 0.5218)","('update report', 0.4434)","('error message', 0.4202)","('unable view', 0.4187)","('issue fix', 0.4134)"
"('scottrade inquire', 0.7053)","('fraud scottrade', 0.6822)","('appeal scottrade', 0.6806)","('scottrade instruct', 0.6797)","('concern scottrade', 0.6755)"
"('bank statement', 0.618)","('charge overdraft', 0.5616)","('overdraft charge', 0.558)","('charge check', 0.5261)","('overdraft fee', 0.512)"
"('contact court', 0.5921)","('attorney send', 0.5851)","('send attorney', 0.5725)","('court fake', 0.5464)","('kohn law', 0.5392)"
"('inform loan', 0.5085)","('payment force', 0.4871)","('request loan', 0.4842)","('inform payment', 0.4671)","('loan send', 0.456)"
"('business account', 0.586)","('business decline', 0.5709)","('negative account', 0.4822)","('account withdraw', 0.482)","('account negative', 0.4817)"
"('submit insurance', 0.5244)","('accident information', 0.4934)","('admit emergency', 0.4752)","('emergency accident', 0.4622)","('pay insurance', 0.4406)"
"('deceptive fraud', 0.4916)","('deceptive website', 0.4726)","('illegal deceptive', 0.4627)","('fraud', 0.4595)","('social illegally', 0.4315)"
"('employer garnish', 0.5468)","('asset employer', 0.5075)","('garnish wage', 0.506)","('pinnacle asset', 0.4543)","('collect debt', 0.4351)"
"('mortgage green', 0.5824)","('refinance green', 0.5392)","('tree refinance', 0.4967)","('mortgage lending', 0.471)","('predatory lending', 0.4655)"
"('credit report', 0.5188)","('unknown employer', 0.4863)","('transunion credit', 0.4632)","('report notice', 0.4052)","('report employ', 0.403)"
"('summon lawsuit', 0.5812)","('debt attorney', 0.5669)","('lawsuit dispute', 0.5354)","('attorney send', 0.5344)","('attorney refuse', 0.5204)"
"('collect escrow', 0.593)","('charge escrow', 0.5853)","('tax escrow', 0.5794)","('escrow monthly', 0.5708)","('escrow consumer', 0.565)"
"('schedule foreclose', 0.6093)","('house schedule', 0.5335)","('month submit', 0.5246)","('modification month', 0.517)","('foreclose', 0.4439)"
"('debt resolve', 0.6503)","('debt owe', 0.6422)","('collect debt', 0.6213)","('collection debt', 0.5902)","('debt', 0.5605)"
"('transaction google', 0.5597)","('google wallet', 0.4645)","('account transaction', 0.448)","('chargeback google', 0.4468)","('bank chargeback', 0.4389)"
"('payment macy', 0.5625)","('macy credit', 0.514)","('communication macy', 0.4989)","('overdue payment', 0.4731)","('mail credit', 0.4711)"
"('equifax report', 0.6901)","('access equifax', 0.6578)","('equifax interfere', 0.6426)","('equifax erroneous', 0.6358)","('equifax avail', 0.6186)"
"('report credit', 0.5095)","('theft packet', 0.5079)","('credit report', 0.497)","('recover credit', 0.497)","('debt remove', 0.4761)"
"('account representative', 0.4799)","('open chase', 0.4779)","('account close', 0.4763)","('close account', 0.4679)","('chase', 0.4351)"
"('online lender', 0.5129)","('net credit', 0.5115)","('credit contact', 0.5081)","('online lending', 0.5077)","('credit online', 0.5069)"
"('chase service', 0.5158)","('chase request', 0.501)","('chase receive', 0.4578)","('document chase', 0.4504)","('mortage chase', 0.437)"
"('credit report', 0.5733)","('check credit', 0.5539)","('credit bureau', 0.5392)","('credit request', 0.5205)","('debt collection', 0.4887)"
"('payment bank', 0.5019)","('payment loan', 0.4989)","('loan care', 0.4937)","('electronic payment', 0.4839)","('tell payment', 0.4661)"
"('debt inform', 0.517)","('mortgage timely', 0.5109)","('payment plaza', 0.4866)","('credit report', 0.4713)","('recently mortgage', 0.4606)"
"('stop collector', 0.5931)","('collector harass', 0.5854)","('conical problem', 0.5475)","('conical', 0.4712)","('make conical', 0.4672)"
"('attempt debit', 0.5209)","('hardship cash', 0.512)","('debit try', 0.492)","('help settlement', 0.4885)","('issue cash', 0.4884)"
"('mortgage fraud', 0.4485)","('fraudulent foreclosure', 0.4455)","('foreclosure attempt', 0.4382)","('credit reporting', 0.4355)","('successful foreclosure', 0.4276)"
"('payment plan', 0.4307)","('plan payment', 0.3974)","('phone everyday', 0.3969)","('house phone', 0.3811)","('payment dept', 0.379)"
"('identity theft', 0.5492)","('dispute fraudulent', 0.5399)","('fraudulent inquiry', 0.5103)","('theft require', 0.4637)","('remove fraudulent', 0.4581)"
"('owe debt', 0.4488)","('person owe', 0.4363)","('debt', 0.4214)","('debt person', 0.4143)","('credit medical', 0.4079)"
"('credit agency', 0.577)","('credit bureau', 0.5759)","('collection agency', 0.5696)","('bureau hang', 0.5265)","('bureau', 0.5251)"
"('debt collection', 0.4896)","('abusive debt', 0.4855)","('collection department', 0.4251)","('customer service', 0.4019)","('assaulted collection', 0.4015)"
"('payment account', 0.5272)","('account automate', 0.511)","('monthly payment', 0.4959)","('account delinquent', 0.4773)","('payment cease', 0.4721)"
"('certify brokerage', 0.4948)","('fund notification', 0.4823)","('confirm fund', 0.4569)","('fund check', 0.4522)","('deposit customer', 0.4251)"
"('citi mortgage', 0.4753)","('credit citi', 0.4434)","('inform payment', 0.4162)","('credit report', 0.4098)","('program payment', 0.3961)"
"('legality foreclosure', 0.5534)","('involve foreclosure', 0.5505)","('mortgage servicer', 0.5141)","('foreclosure', 0.5064)","('majority foreclosure', 0.505)"
"('strange debt', 0.5911)","('portfolio recovery', 0.4579)","('debt', 0.4405)","('debt leave', 0.4214)","('recovery daily', 0.3972)"
"('credit report', 0.5337)","('notice account', 0.4929)","('report notice', 0.4801)","('receive notice', 0.4658)","('receive credit', 0.4651)"
"('fargo send', 0.5137)","('unsolicited check', 0.4852)","('check deposit', 0.483)","('deposit electronically', 0.4766)","('card number', 0.4489)"
"('debit owe', 0.5978)","('hire collect', 0.5377)","('owe start', 0.5167)","('owe try', 0.5106)","('collect debit', 0.5069)"
"('apply refinance', 0.5641)","('refinance home', 0.5549)","('refinance', 0.5401)","('mortgage provide', 0.5206)","('underwrite loan', 0.5091)"
"('request investigation', 0.5632)","('request experian', 0.5489)","('experian request', 0.5106)","('investigation account', 0.4684)","('credit report', 0.4393)"
"('pay loan', 0.5152)","('credit adjuster', 0.5005)","('loan receive', 0.4698)","('money loan', 0.4528)","('debt owe', 0.4517)"
"('contact debt', 0.6184)","('debt', 0.4609)","('debt personal', 0.4476)","('claim court', 0.4321)","('contact brother', 0.4145)"
"('debt report', 0.5869)","('report debt', 0.583)","('statement debt', 0.5462)","('verify debt', 0.5223)","('final notice', 0.5167)"
"('loan company', 0.5586)","('loan contact', 0.5492)","('payday loan', 0.5172)","('loan recognize', 0.4871)","('recognize loan', 0.478)"
"('home loan', 0.5106)","('purchase home', 0.4929)","('buy home', 0.47)","('sell home', 0.4668)","('home purchase', 0.4665)"
"('identity theft', 0.6749)","('identity bank', 0.6337)","('theft withdraw', 0.6319)","('withdraw personal', 0.5271)","('withdraw', 0.478)"
"('collection state', 0.5227)","('state collection', 0.4812)","('report collection', 0.4732)","('pay state', 0.4515)","('collection company', 0.451)"
"('capitalone billing', 0.5539)","('capitalone credit', 0.532)","('capitalone merchant', 0.5229)","('block merchant', 0.5204)","('statement merchant', 0.509)"
"('creditor incorrectly', 0.5671)","('cancel autopay', 0.5332)","('creditor report', 0.5317)","('report credit', 0.5283)","('credit report', 0.5126)"
"('loan modification', 0.4914)","('foreclosure', 0.4391)","('home loan', 0.4367)","('foreclosure question', 0.4321)","('foreclose ask', 0.4314)"
"('account glitch', 0.569)","('claim problem', 0.5241)","('deposit hit', 0.4578)","('lot issue', 0.4144)","('account', 0.3995)"
"('union report', 0.5626)","('reporting date', 0.5545)","('date activity', 0.4947)","('mis reporting', 0.3998)","('tran union', 0.3963)"
"('debt harrass', 0.6436)","('investigation gentleman', 0.5167)","('company debt', 0.4957)","('debt', 0.4727)","('asset recovery', 0.4345)"
"('notify northstar', 0.5731)","('company northstar', 0.4992)","('northstar location', 0.4616)","('northstar time', 0.4598)","('consumer notify', 0.4487)"
"('pay car', 0.5825)","('car payment', 0.5659)","('report payment', 0.5227)","('payment make', 0.4935)","('car finance', 0.4832)"
"('suntrust mortgage', 0.4826)","('mortgage nightmare', 0.4247)","('closing fail', 0.412)","('escrow coupon', 0.4089)","('mortgage sell', 0.3999)"
"('close account', 0.643)","('credit report', 0.5993)","('account credit', 0.514)","('credit', 0.3586)","('remove', 0.3003)"
"('sue malpractice', 0.5473)","('debt service', 0.521)","('pursue debt', 0.5129)","('send debt', 0.4834)","('malpractice', 0.4696)"
"('fraudulent account', 0.5786)","('contact uscb', 0.5468)","('mail dispute', 0.5368)","('dispute fraudulent', 0.534)","('report account', 0.5068)"
"('transfer citibank', 0.6208)","('contact citibank', 0.5723)","('refund citibank', 0.5718)","('problem citibank', 0.561)","('citibank fail', 0.5316)"
"('record wrong', 1.0)","('record', 0.7479)","('wrong', 0.3125)",,
"('repay debt', 0.5231)","('debt need', 0.5049)","('eos cca', 0.4757)","('need repay', 0.4739)","('debt', 0.472)"
"('bank modification', 0.5255)","('agreement bank', 0.5078)","('modification agreement', 0.4994)","('payment agreement', 0.4735)","('bank procedure', 0.4722)"
"('voice message', 0.4707)","('house cell', 0.4243)","('local phone', 0.4209)","('solution house', 0.4129)","('dynamic', 0.3793)"
"('bank', 0.5547)","('bank job', 0.5418)","('withdraw money', 0.54)","('money signature', 0.5207)","('idenity bank', 0.5093)"
"('dispute debt', 0.6751)","('dispute credit', 0.5681)","('debt company', 0.5596)","('credit bureaus', 0.5041)","('report credit', 0.4975)"
"('loan document', 0.5486)","('loan ocwen', 0.5328)","('loan number', 0.5253)","('ocwen foreclosure', 0.5251)","('servicer creditor', 0.5126)"
"('billing dispute', 0.5802)","('card unauthorized', 0.554)","('unauthorized transaction', 0.4833)","('citi card', 0.4399)","('transaction unable', 0.4215)"
"('loan foreclosure', 0.5562)","('proceeded foreclosure', 0.5465)","('foreclosure action', 0.5396)","('foreclosure proceeding', 0.5345)","('foreclosure', 0.5249)"
"('check withdraw', 0.5808)","('bank mistake', 0.5561)","('account check', 0.5553)","('credit account', 0.5446)","('fund acct', 0.5412)"
"('evict apartment', 0.5458)","('rent owe', 0.4486)","('apartment complex', 0.4461)","('pay complex', 0.4439)","('complex financial', 0.4353)"
"('wells fargo', 0.5246)","('acounte fraud', 0.4775)","('fargo bank', 0.4589)","('bank falsifying', 0.4249)","('fraud', 0.4046)"
"('phone daughter', 0.5994)","('daughter school', 0.4673)","('record phone', 0.451)","('state texas', 0.3564)","('talk cellphone', 0.3453)"
"('student loan', 0.6106)","('loan school', 0.5788)","('period repayment', 0.5176)","('year loan', 0.4991)","('loan', 0.4921)"
"('credit line', 0.5097)","('reduce credit', 0.4912)","('chase reduce', 0.4773)","('balance account', 0.438)","('late payment', 0.4261)"
"('file bankruptcy', 0.638)","('home bankruptcy', 0.6282)","('bankruptcy home', 0.6065)","('bankruptcy finalize', 0.6025)","('foreclosure', 0.5939)"
"('credit reporting', 0.5794)","('credit report', 0.5712)","('credit inquiry', 0.5023)","('hard credit', 0.4222)","('ssns past', 0.4164)"
"('owe cash', 0.6177)","('cash debt', 0.5849)","('debt pay', 0.5184)","('owe', 0.5107)","('debt', 0.4991)"
"('file judgment', 0.4361)","('attorney court', 0.4335)","('receive attorney', 0.4234)","('attorney memorandum', 0.4035)","('judgment homestead', 0.3945)"
"('lender petitioner', 0.523)","('lender need', 0.5032)","('foreclosure lender', 0.4916)","('foreclosure action', 0.4862)","('mortgage inform', 0.4858)"
"('account report', 0.5295)","('remove report', 0.5201)","('credit report', 0.5168)","('credit reporting', 0.5159)","('delete credit', 0.5134)"
"('withdrawal saving', 0.5076)","('save account', 0.5024)","('netspend card', 0.4904)","('allow withdrawal', 0.4769)","('free atms', 0.4761)"
"('credit report', 0.556)","('report duplicate', 0.536)","('dispute credit', 0.5238)","('duplicate account', 0.485)","('reporting account', 0.4812)"
"('mortgage complaint', 0.5886)","('contact mortgage', 0.5474)","('mortgage credit', 0.5344)","('nationstar mortgage', 0.5307)","('fault mortgage', 0.5237)"
"('reverse mortgage', 0.5574)","('mortgage', 0.456)","('foreclosure', 0.4372)","('mortgage company', 0.4351)","('foreclosure home', 0.4317)"
"('report debt', 0.5937)","('debt owe', 0.5586)","('owe respond', 0.5469)","('owe', 0.4784)","('agency continue', 0.4516)"
"('suspend foreclosure', 0.5077)","('fargo loan', 0.4966)","('foreclosure status', 0.4842)","('foreclosure', 0.4502)","('mortgage wells', 0.4271)"
"('debit card', 0.5165)","('pin card', 0.5096)","('pin debit', 0.5022)","('bank chip', 0.5007)","('authenticate card', 0.4732)"
"('case citibank', 0.6669)","('citibank continue', 0.6229)","('citibank previously', 0.574)","('citibank', 0.5418)","('check citibank', 0.5387)"
"('debt contact', 0.598)","('credit report', 0.5453)","('equafax collection', 0.5432)","('list credit', 0.5379)","('debt account', 0.5351)"
"('number hang', 0.4522)","('illegal texas', 0.4348)","('phone number', 0.4336)","('refuse remove', 0.3881)","('hang refuse', 0.3825)"
"('deposit ach', 0.6578)","('ach deposit', 0.6381)","('deposit violation', 0.5817)","('hold deposit', 0.5803)","('ach transfer', 0.5197)"
"('loan idea', 0.5885)","('loan like', 0.5314)","('loan way', 0.53)","('reasonable loan', 0.5255)","('loan easy', 0.5218)"
"('report owe', 0.5882)","('owe hospital', 0.5777)","('hospital owe', 0.5708)","('credit report', 0.5497)","('owe revenue', 0.4738)"
"('documentation insurance', 0.4898)","('assistance medical', 0.4664)","('task insurance', 0.4412)","('insurance state', 0.3958)","('non payment', 0.3956)"
"('mortgage iberia', 0.5263)","('mortgage', 0.4707)","('qualify loan', 0.4462)","('iberia bank', 0.4411)","('small mortgage', 0.4331)"
"('tell loan', 0.5142)","('statement balance', 0.4984)","('payment tell', 0.4929)","('ask chase', 0.4903)","('loan modify', 0.4661)"
"('credit report', 0.6184)","('credit reporting', 0.6162)","('credit information', 0.6154)","('creditor add', 0.5541)","('reflect credit', 0.4963)"
"('identity theft', 0.7072)","('theft incarcerate', 0.6494)","('proof incarcerate', 0.6014)","('fraudulent account', 0.5943)","('incarcerate steal', 0.5655)"
"('corp chain', 0.4941)","('customer credit', 0.4721)","('business charge', 0.4657)","('chain business', 0.4615)","('operation payment', 0.4466)"
"('foreclose year', 0.5311)","('home foreclose', 0.5288)","('reporting loan', 0.5133)","('time mortgage', 0.4826)","('credit reporting', 0.4806)"
"('payment paypal', 0.5249)","('agent paypal', 0.5085)","('paypal payment', 0.5024)","('paypal clearly', 0.4995)","('paypal account', 0.4949)"
"('apply refinance', 0.5662)","('mortgage loan', 0.5656)","('option refinance', 0.5434)","('refinance submit', 0.5319)","('refinance', 0.5024)"
"('complaint bank', 0.5498)","('problem bank', 0.5391)","('problem pay', 0.5302)","('file complaint', 0.5235)","('pay service', 0.5224)"
"('debt write', 0.4656)","('debt', 0.4272)","('say debt', 0.4229)","('collection dispute', 0.4145)","('report payment', 0.4032)"
"('bank america', 0.5274)","('bank', 0.4725)","('investment consultant', 0.441)","('travel credit', 0.4405)","('switch account', 0.4307)"
"('agent equifax', 0.5852)","('equifax', 0.5667)","('equifax cursory', 0.5585)","('credit report', 0.5486)","('dispute information', 0.5361)"
"('dispute charge', 0.5916)","('settle account', 0.5255)","('detention delinquent', 0.5249)","('proof detention', 0.4859)","('identity theft', 0.4706)"
"('credit bureau', 0.6289)","('credit report', 0.6221)","('charge credit', 0.5973)","('debt company', 0.5657)","('open credit', 0.5523)"
"('address credit', 0.5915)","('remove address', 0.5627)","('address list', 0.5456)","('credit report', 0.5074)","('know address', 0.4966)"
"('outstanding credit', 0.5613)","('contact debt', 0.5445)","('debt letter', 0.5354)","('debt collection', 0.5249)","('payment settle', 0.5094)"
"('owe documentation', 0.422)","('false billing', 0.4022)","('complaint documentation', 0.4005)","('mortgage refuse', 0.3924)","('remain owe', 0.3908)"
"('loan mortgage', 0.4929)","('mortgage help', 0.4858)","('request mortgage', 0.4772)","('job mortgage', 0.4648)","('bank mortgage', 0.4489)"
"('receive chase', 0.6156)","('chase executive', 0.5905)","('chase', 0.5601)","('chase leave', 0.54)","('date chase', 0.4997)"
"('lender increase', 0.5869)","('calculation escrow', 0.5448)","('increase mortgage', 0.5395)","('escrow year', 0.5326)","('escrow', 0.5301)"
"('charge owe', 0.5483)","('fee contract', 0.5117)","('pay contract', 0.4789)","('cancel account', 0.4775)","('owe', 0.4731)"
"('ask remove', 0.5601)","('collection account', 0.4816)","('remove remove', 0.4756)","('remove', 0.4492)","('afni collection', 0.4329)"
"('student loan', 0.5413)","('loan claim', 0.4793)","('debt collection', 0.4531)","('loan cover', 0.4493)","('demand pay', 0.4199)"
"('bank statement', 0.494)","('report mortgage', 0.4879)","('mortgage statementat', 0.4716)","('fargo mortgagecompany', 0.4655)","('report credit', 0.449)"
"('dispute debt', 0.7084)","('hold debt', 0.6035)","('debt state', 0.5695)","('debt formally', 0.5635)","('debt writing', 0.5631)"
"('foreclosure hsbc', 0.7364)","('foreclosure', 0.5304)","('foreclosure proper', 0.5194)","('sue hsbc', 0.5189)","('foreclosure review', 0.514)"
"('astra recovery', 0.5249)","('debt owe', 0.5241)","('collect debt', 0.501)","('recovery service', 0.4516)","('owe', 0.4366)"
"('identity steal', 0.56)","('report credit', 0.5396)","('credit report', 0.5346)","('fraudulent account', 0.5273)","('account creditor', 0.5075)"
"('transfer loan', 0.6092)","('cvs loan', 0.5784)","('contact bank', 0.5602)","('personsal loan', 0.53)","('loan', 0.5291)"
"('weekend lease', 0.5797)","('notice inquiry', 0.5204)","('lease hyundai', 0.5157)","('credit report', 0.5059)","('lease approval', 0.4965)"
"('loan servicing', 0.4483)","('loan service', 0.4396)","('documentation submit', 0.4275)","('document review', 0.4163)","('paperwork', 0.3921)"
"('mortgage', 0.4619)","('entice mortgage', 0.4438)","('sum mortgage', 0.44)","('mortgage option', 0.4384)","('mortgage provide', 0.4265)"
"('report equifax', 0.6632)","('equifax', 0.6252)","('equifax people', 0.6132)","('equifa', 0.6106)","('week equifax', 0.6077)"
"('account refuse', 0.5589)","('old account', 0.5274)","('debt old', 0.512)","('account outdated', 0.5111)","('old debt', 0.5068)"
"('father share', 0.459)","('mistaken father', 0.4258)","('collection agency', 0.4243)","('father send', 0.3869)","('agency mistaken', 0.358)"
"('information loan', 0.5401)","('loan apply', 0.5364)","('loan', 0.4689)","('apr receive', 0.4275)","('receive money', 0.4008)"
"('collection agency', 0.5445)","('claim renter', 0.5237)","('vacate apartment', 0.4574)","('apartment purchase', 0.4557)","('filing', 0.4487)"
"('debt collection', 0.614)","('debt', 0.5429)","('owe money', 0.5406)","('agency owe', 0.5355)","('credit job', 0.5223)"
"('report credit', 0.5673)","('payment falsely', 0.5478)","('credit report', 0.5211)","('debt validation', 0.5188)","('credit bureau', 0.5002)"
"('change billing', 0.5469)","('macys change', 0.5379)","('billing', 0.53)","('billing address', 0.4983)","('late macys', 0.4843)"
"('collection agency', 0.5446)","('bureaus advise', 0.5325)","('agency ask', 0.5026)","('credit bureaus', 0.492)","('write agreement', 0.4618)"
"('forclosure home', 0.5028)","('mortgage try', 0.5027)","('home loan', 0.484)","('purchase home', 0.4722)","('raise mortgage', 0.464)"
"('verify information', 0.525)","('look claim', 0.4521)","('information company', 0.4383)","('claim make', 0.4383)","('note continue', 0.4072)"
"('capital card', 0.4897)","('deposit', 0.435)","('deposit tell', 0.4237)","('theft late', 0.4212)","('card try', 0.4124)"
"('ftc fraud', 0.6494)","('fraud affidavit', 0.5386)","('send ftc', 0.4726)","('fraud', 0.4466)","('payday loan', 0.4402)"
"('loan process', 0.4771)","('loan pre', 0.4425)","('mortgage', 0.4247)","('loan', 0.4226)","('inception loan', 0.4166)"
"('try refinance', 0.5593)","('husband credit', 0.4789)","('judgement husband', 0.4616)","('remove judgement', 0.4529)","('file dispute', 0.3987)"
"('husband orxxxx', 0.6189)","('house orxxxx', 0.585)","('orxxxx house', 0.5607)","('live apartment', 0.5189)","('apartment number', 0.5158)"
"('vehicle sell', 0.58)","('buy mercedes', 0.5346)","('trade vehicle', 0.5342)","('vin exchange', 0.4682)","('bank trade', 0.4513)"
"('repayment program', 0.5714)","('credit reimbursement', 0.5594)","('debt repayment', 0.5294)","('stop payment', 0.507)","('payment payment', 0.4884)"
"('turn debt', 0.5579)","('debt collector', 0.546)","('billing notification', 0.5445)","('update billing', 0.5365)","('debt', 0.5007)"
"('delta card', 0.5221)","('express delta', 0.4816)","('issue miole', 0.4187)","('card response', 0.4093)","('card issue', 0.4046)"
"('credit report', 0.5761)","('report form', 0.5478)","('request experian', 0.5085)","('report site', 0.4598)","('report want', 0.4377)"
"('debt account', 0.5975)","('account debt', 0.589)","('credit account', 0.5489)","('creditor balancejul', 0.5347)","('openaccount creditor', 0.5323)"
"('depot credit', 0.5671)","('depot account', 0.523)","('account overdue', 0.457)","('depot say', 0.406)","('home depot', 0.4026)"
"('depositte check', 0.6383)","('deposit check', 0.6362)","('check deposit', 0.6356)","('check bank', 0.6018)","('deposit computer', 0.5972)"
"('inquiry paypal', 0.591)","('regard paypal', 0.5664)","('discrepancie paypal', 0.5601)","('practice paypal', 0.5441)","('process paypal', 0.5354)"
"('rushcard customer', 0.5419)","('account rush', 0.5092)","('rush card', 0.4814)","('talk rushcard', 0.4725)","('card update', 0.4672)"
"('citibank follow', 0.5117)","('receive citibank', 0.5094)","('easy citibank', 0.4745)","('citibank pull', 0.4738)","('citibank', 0.4691)"
"('late credit', 0.6307)","('bad credit', 0.5575)","('loan carecredit', 0.5247)","('lower credit', 0.5239)","('detrimental credit', 0.4913)"
"('chase credit', 0.5715)","('payment month', 0.5067)","('representative payment', 0.4943)","('payment monthly', 0.4917)","('payment credit', 0.488)"
"('debt request', 0.5784)","('owe respond', 0.5642)","('proof debt', 0.523)","('contact midland', 0.5124)","('debt certify', 0.488)"
"('validate debt', 0.4933)","('debt validation', 0.4774)","('contact fcra', 0.464)","('credit report', 0.4516)","('pursuant fcra', 0.4495)"
"('account hsbc', 0.5644)","('hsbc close', 0.5363)","('account credit', 0.5306)","('credit account', 0.5148)","('account customer', 0.5073)"
"('deposit check', 0.6011)","('check bank', 0.5649)","('check debit', 0.5434)","('account hold', 0.5187)","('account deposit', 0.5125)"
"('hud repayment', 0.5049)","('mortgage wells', 0.4838)","('loan modification', 0.4719)","('fargo modification', 0.4363)","('pay hud', 0.4262)"
"('sps equifax', 0.5957)","('satisfied loan', 0.5212)","('equifax', 0.4934)","('equifax account', 0.4917)","('loan display', 0.45)"
"('credit union', 0.5012)","('credit report', 0.4948)","('union creditor', 0.4913)","('report account', 0.4756)","('bureau creditor', 0.4206)"
"('credit reporting', 0.6088)","('credit report', 0.6009)","('credit notice', 0.5602)","('credit business', 0.5354)","('dispute credit', 0.5317)"
"('credit tracker', 0.5836)","('credit report', 0.5695)","('sign credit', 0.4712)","('fico credit', 0.4501)","('report free', 0.4318)"
"('wells fargo', 0.443)","('fargo wfhm', 0.4073)","('customer wfhm', 0.3977)","('wfhm trustee', 0.3946)","('loan mod', 0.3843)"
"('aware owe', 0.5972)","('debt collector', 0.566)","('owe debt', 0.5477)","('payment conversation', 0.5432)","('payment collection', 0.5414)"
"('home loan', 0.5651)","('loan flagstar', 0.5501)","('owe house', 0.5375)","('owe home', 0.5188)","('payment loan', 0.4994)"
"('xxxxxxxxxxxxhuntington bank', 0.5349)","('bank freeze', 0.5114)","('contact bank', 0.4703)","('fax xxxxoffice', 0.4696)","('mobile banking', 0.4671)"
"('payment statement', 0.5763)","('statement owe', 0.5247)","('owe past', 0.4715)","('ask owe', 0.4464)","('payment apply', 0.4441)"
"('card dispute', 0.4992)","('card service', 0.4867)","('fia card', 0.4476)","('dispute charge', 0.4124)","('card issue', 0.411)"
"('validate debt', 0.6844)","('valid debt', 0.6216)","('report credit', 0.4767)","('debt suing', 0.4744)","('validation inaccurate', 0.4623)"
"('loan vsac', 0.5695)","('vsac loan', 0.5295)","('loan collection', 0.4811)","('representative vsac', 0.4495)","('hardship vsac', 0.4435)"
"('card fault', 0.5316)","('payment card', 0.5289)","('contact pay', 0.5163)","('payment phone', 0.5117)","('payment incorrect', 0.5059)"
"('debt change', 0.5821)","('davidson associate', 0.5102)","('original lender', 0.5028)","('original delinquency', 0.4858)","('delinquency date', 0.4845)"
"('remove credit', 0.768)","('credit report', 0.6661)","('credit', 0.4189)","('need remove', 0.3948)","('remove', 0.3154)"
"('capital card', 0.6679)","('card capital', 0.625)","('capital account', 0.5978)","('account card', 0.5409)","('contact capital', 0.5171)"
"('banking service', 0.5681)","('military banking', 0.5601)","('bank america', 0.5557)","('replace bankamericard', 0.5438)","('bankamericard', 0.5409)"
"('remove credit', 0.6062)","('credit report', 0.5708)","('pull credit', 0.5106)","('credit pay', 0.4379)","('report contact', 0.4069)"
"('property offer', 0.558)","('sale property', 0.4735)","('office request', 0.4621)","('help elderly', 0.4558)","('elderly couple', 0.4514)"
"('money check', 0.5284)","('check account', 0.5156)","('ssn personal', 0.5012)","('ssn', 0.4942)","('use ssn', 0.4806)"
"('debt selene', 0.5288)","('finance submit', 0.5233)","('validation debt', 0.5148)","('debt notice', 0.5128)","('selene financing', 0.505)"
"('card bank', 0.5343)","('credit card', 0.5174)","('credit opportunity', 0.5115)","('trap prepaid', 0.5032)","('prepaid card', 0.4984)"
"('barclay card', 0.5638)","('purchase barclay', 0.5435)","('card wyndham', 0.5217)","('barclay visa', 0.5142)","('wyndham reward', 0.5116)"
"('check escrow', 0.5965)","('escrow check', 0.5919)","('mortgage escrow', 0.5766)","('escrow mortgage', 0.5561)","('fifth mortgage', 0.5275)"
"('remove report', 0.6795)","('report add', 0.5099)","('credit service', 0.4902)","('pinnical credit', 0.4723)","('service remove', 0.4158)"
"('fraudulent account', 0.6834)","('violate fcra', 0.5817)","('block fraudulent', 0.5739)","('read fraudulent', 0.5408)","('identity theft', 0.5068)"
"('remove credit', 0.6074)","('pull credit', 0.5825)","('credit report', 0.563)","('experian credit', 0.5383)","('credit line', 0.5173)"
"('refinance bank', 0.43)","('fargo credit', 0.4275)","('try refinance', 0.4134)","('loan modification', 0.4035)","('modification loan', 0.3966)"
"('remove credit', 0.6496)","('delete credit', 0.6301)","('report credit', 0.5879)","('credit report', 0.5691)","('credit acount', 0.5327)"
"('student loan', 0.5077)","('payment report', 0.5055)","('school contract', 0.4984)","('report credit', 0.4973)","('loan send', 0.471)"
"('contact debtor', 0.6635)","('debtor family', 0.5489)","('message debt', 0.5341)","('contact leave', 0.4944)","('debtor', 0.4813)"
"('report balance', 0.7153)","('transunion report', 0.6419)","('balance account', 0.5753)","('wrong balance', 0.57)","('balance', 0.4428)"
"('loan signer', 0.5787)","('borrower payment', 0.5394)","('navient loan', 0.5381)","('pay borrower', 0.5338)","('loan', 0.527)"
"('overdue balance', 0.6113)","('outstanding balance', 0.5903)","('credit report', 0.5592)","('payment debt', 0.5393)","('balance receive', 0.4783)"
"('loan agent', 0.5374)","('loan speak', 0.5299)","('loan payment', 0.5109)","('loan frequently', 0.5082)","('make loan', 0.4963)"
"('wife debt', 0.7007)","('debt repeatedly', 0.6439)","('send debt', 0.6095)","('debt wife', 0.6039)","('owe money', 0.5713)"
"('charge fargo', 0.5388)","('charge account', 0.5125)","('wells fargo', 0.4749)","('month loan', 0.4374)","('account month', 0.4242)"
"('installment loan', 0.6406)","('payment installment', 0.5533)","('loan speedy', 0.5494)","('loan account', 0.5466)","('apply installment', 0.4815)"
"('loan chase', 0.6675)","('chase loan', 0.644)","('chase underwriter', 0.5424)","('delay bank', 0.503)","('loan extension', 0.5013)"
"('debt request', 0.5867)","('debt receive', 0.53)","('client owe', 0.4924)","('validation debt', 0.49)","('warfield collect', 0.4723)"
"('write complaint', 0.4931)","('complaint appeal', 0.489)","('fargo mortgage', 0.4119)","('mortgage wife', 0.4029)","('creditors wells', 0.3982)"
"('account report', 0.5674)","('credit report', 0.5501)","('reporting credit', 0.5371)","('report dispute', 0.5048)","('negative account', 0.5045)"
"('account huntington', 0.5322)","('huntington bank', 0.5204)","('credit line', 0.4818)","('bank talk', 0.4735)","('fee credit', 0.4694)"
"('account lease', 0.5622)","('set account', 0.5347)","('account credit', 0.509)","('collection account', 0.4972)","('knowledge account', 0.4888)"
"('fargo bank', 0.5124)","('statement withdraw', 0.4952)","('wells fargo', 0.4935)","('teller information', 0.4762)","('money balance', 0.4749)"
"('loan cornerstone', 0.5182)","('tax cornerstone', 0.5023)","('escrow cornerstone', 0.488)","('taxis escrow', 0.488)","('property taxis', 0.4661)"
"('check credit', 0.5934)","('credit report', 0.5897)","('credit record', 0.5771)","('inquiery credit', 0.5083)","('falsely assure', 0.4761)"
"('hamp mortgage', 0.4774)","('mortgage', 0.4239)","('mortgage modification', 0.4153)","('document request', 0.4148)","('mortgage aprox', 0.4134)"
"('inquiry remove', 0.5469)","('remove inquiry', 0.5263)","('remove informationfrom', 0.5078)","('bureau remove', 0.4966)","('credit report', 0.492)"
"('credit reporting', 0.5476)","('credit report', 0.5282)","('investigation contact', 0.4672)","('investigation account', 0.4604)","('credit bureau', 0.4585)"
"('charge account', 0.5737)","('account debt', 0.5657)","('protection fee', 0.5544)","('debt protection', 0.5483)","('charge fee', 0.4944)"
"('collection bureau', 0.4847)","('supervisor state', 0.4528)","('dispute account', 0.4443)","('case dispute', 0.4031)","('state law', 0.3858)"
"('scam credit', 0.5557)","('garnish wage', 0.5218)","('sue dollar', 0.4712)","('dollar debt', 0.447)","('method payment', 0.4415)"
"('payday loan', 0.648)","('sign assistance', 0.4979)","('loan send', 0.4926)","('help payday', 0.4847)","('loan', 0.473)"
"('cancel credit', 0.6028)","('cancelling service', 0.5204)","('credit monitoring', 0.5196)","('payment billing', 0.5071)","('cancel anytime', 0.5052)"
"('day voicemail', 0.4871)","('voicemail box', 0.4087)","('repeatedly pay', 0.401)","('voicemail', 0.3998)","('title max', 0.3661)"
"('nationstar mortgage', 0.5943)","('request insurance', 0.5762)","('mortgage respond', 0.5294)","('policy payment', 0.5186)","('price policy', 0.4411)"
"('collect debt', 0.5207)","('collection service', 0.4414)","('account collection', 0.4362)","('collection account', 0.4315)","('debt', 0.4292)"
"('insurance rpm', 0.5236)","('proof insurance', 0.4914)","('provide fax', 0.475)","('information fax', 0.4696)","('fax proof', 0.4665)"
"('fraudulently foreclose', 0.6766)","('illegally foreclose', 0.6025)","('mortgage audit', 0.5869)","('securitization fraud', 0.5313)","('foreclose mortgage', 0.5107)"
"('account dispute', 0.5369)","('dispute transunion', 0.5003)","('initiate dispute', 0.4937)","('fraudulent account', 0.4758)","('identity thief', 0.4708)"
"('identity theft', 0.667)","('card credit', 0.5436)","('credit report', 0.5412)","('credit card', 0.5352)","('theft', 0.5263)"
"('fraudulent account', 0.6547)","('bank fraudulent', 0.5818)","('identity theft', 0.5458)","('fraudulent transaction', 0.5409)","('fargo account', 0.5247)"
"('foreclosure procedding', 0.4629)","('foreclosure ahve', 0.4619)","('assure foreclosure', 0.4601)","('foreclosure', 0.4482)","('foreclosure stop', 0.4352)"
"('violate fdca', 0.5249)","('theft violate', 0.514)","('fdcpa violation', 0.5102)","('hire attorney', 0.4806)","('texas violate', 0.4741)"
"('customer bank', 0.5642)","('bank careless', 0.523)","('bank america', 0.4821)","('lower credit', 0.432)","('bank', 0.4299)"
"('fcra request', 0.496)","('violation fcra', 0.4768)","('experian report', 0.4566)","('credit report', 0.4502)","('rule fcra', 0.4451)"
"('cfpb complaint', 0.685)","('complaint company', 0.6151)","('complaint discover', 0.5917)","('complaint harass', 0.5903)","('regard complaint', 0.5889)"
"('citibank concern', 0.5343)","('card citibank', 0.528)","('citibank office', 0.5173)","('citibank', 0.4866)","('citibank credit', 0.4824)"
"('dispute charge', 0.6851)","('inappropriate charge', 0.6368)","('charge account', 0.5978)","('inappropriate fee', 0.5951)","('charge credit', 0.5915)"
"('copy contract', 0.5204)","('sign authorize', 0.4786)","('authorize service', 0.4753)","('license sign', 0.4743)","('authorize', 0.3777)"
"('bankruptcy need', 0.5609)","('loan work', 0.5018)","('file bankruptcy', 0.4969)","('current bankruptcy', 0.4805)","('bankruptcy', 0.4582)"
"('collect debt', 0.6569)","('harassment debt', 0.623)","('debt', 0.5469)","('portfolio recovery', 0.493)","('debt belong', 0.4804)"
"('experian credit', 0.5041)","('credit report', 0.4806)","('report credit', 0.4801)","('payment report', 0.457)","('credit agency', 0.425)"
"('husband loan', 0.4511)","('house appraisal', 0.414)","('house appraise', 0.4059)","('pay house', 0.3921)","('state loan', 0.386)"
"('collection agency', 0.6561)","('advance owe', 0.5113)","('legit collection', 0.4942)","('owe', 0.4656)","('cash advance', 0.4639)"
"('loan servicing', 0.5102)","('modification mortgage', 0.4981)","('modification loan', 0.4941)","('mortgage modification', 0.4938)","('request loan', 0.483)"
"('investigate equifax', 0.5905)","('account investigate', 0.5889)","('investigation account', 0.5385)","('equifax day', 0.5383)","('account report', 0.5099)"
"('vehicle bankruptcy', 0.5979)","('bankruptcy discharge', 0.555)","('california levy', 0.5485)","('account california', 0.5331)","('levy bank', 0.5236)"
"('contact debt', 0.6401)","('debt', 0.5454)","('inquire debt', 0.543)","('owe attempt', 0.5354)","('say owe', 0.5337)"
"('file appeal', 0.6368)","('deny appeal', 0.6292)","('appeal client', 0.5913)","('appeal decision', 0.5867)","('appeal option', 0.5758)"
"('home closing', 0.5196)","('purchase closing', 0.513)","('house closing', 0.5115)","('pnc bank', 0.4414)","('loan officer', 0.4387)"
"('address invalid', 0.4947)","('form address', 0.4786)","('statement address', 0.4569)","('bank continue', 0.455)","('banking statement', 0.4519)"
"('loan greenlight', 0.5443)","('new loan', 0.5371)","('old loan', 0.5243)","('loan', 0.523)","('loan stub', 0.5119)"
"('live lender', 0.4955)","('modify loan', 0.4952)","('loan way', 0.4901)","('loan breach', 0.4799)","('lender help', 0.4774)"
"('tell debt', 0.6045)","('debt time', 0.5287)","('debt', 0.5278)","('husband unable', 0.476)","('tell husband', 0.4677)"
"('remove credit', 0.5265)","('unknown debt', 0.5131)","('credit file', 0.4947)","('process credit', 0.4808)","('credit agency', 0.4783)"
"('fraudulent credit', 0.6414)","('credit inquiry', 0.6321)","('credit report', 0.5949)","('fraudulent inquiry', 0.5846)","('credit reporting', 0.5814)"
"('late payment', 0.6554)","('payment late', 0.6304)","('credit acceptance', 0.5848)","('payment history', 0.558)","('owe problem', 0.5473)"
"('equity loan', 0.5449)","('loan term', 0.5161)","('loan', 0.4982)","('loan purchase', 0.4962)","('purchase loan', 0.4852)"
"('complaint ask', 0.558)","('credit reporting', 0.5315)","('credit report', 0.5259)","('formal complaint', 0.5155)","('reporting act', 0.4914)"
"('protection alerts', 0.6064)","('alerts services', 0.5719)","('wells fargo', 0.4979)","('alerts', 0.4819)","('email alert', 0.4492)"
"('check bank', 0.56)","('account statement', 0.5357)","('charge company', 0.5048)","('look bank', 0.5009)","('bank account', 0.4831)"
"('fee benefit', 0.4521)","('change aprs', 0.4442)","('cardmember agreement', 0.4306)","('card annual', 0.4203)","('credit card', 0.4132)"
"('original debt', 0.5897)","('debt law', 0.5723)","('debt past', 0.5586)","('collect debt', 0.5338)","('creditor able', 0.5328)"
"('auto loan', 0.5722)","('loan delinquency', 0.4833)","('auto finance', 0.4828)","('creditor provide', 0.4724)","('loan note', 0.4692)"
"('inquiry credit', 0.5742)","('equifax', 0.5675)","('dispute equifax', 0.5616)","('credit form', 0.5545)","('equifax send', 0.5413)"
"('mortgage boa', 0.5417)","('foreclosure house', 0.4845)","('foreclosure', 0.484)","('boa bank', 0.4775)","('foreclosure step', 0.4741)"
"('balance loan', 0.5275)","('payment principal', 0.5218)","('transfer greentree', 0.5146)","('loan contact', 0.5098)","('loan agreement', 0.4919)"
"('macy credit', 0.5892)","('issue macy', 0.5679)","('macy card', 0.5625)","('macy charge', 0.5439)","('balance macy', 0.5433)"
"('employment phone', 0.4803)","('verify employment', 0.4586)","('employment verification', 0.449)","('receive number', 0.4242)","('tell number', 0.3979)"
"('number scam', 0.5533)","('state concorde', 0.5104)","('register legitimate', 0.4669)","('concorde', 0.4351)","('concorde resolution', 0.4281)"
"('property taxis', 0.4838)","('escrow payment', 0.4633)","('mortgage month', 0.4543)","('overpayment escrow', 0.4304)","('mortgage', 0.4287)"
"('report equifax', 0.6471)","('remove equifax', 0.6413)","('equifax accord', 0.5809)","('credit reporting', 0.5622)","('equifax', 0.5558)"
"('regard equifax', 0.6068)","('equifax record', 0.6059)","('equifax', 0.5925)","('complaint', 0.4624)","('complaint regard', 0.4613)"
"('mortgage company', 0.5891)","('mortgage home', 0.4851)","('mortgage identify', 0.4811)","('ocwen loan', 0.4799)","('mortgage', 0.4738)"
"('unemployed receive', 0.5272)","('pay attempt', 0.5003)","('phone stop', 0.4822)","('harass phone', 0.4575)","('unemployed', 0.457)"
"('debt contact', 0.5885)","('information debt', 0.5676)","('claim debt', 0.5547)","('debt provide', 0.5116)","('debt research', 0.5092)"
"('property agent', 0.4634)","('fraudster create', 0.4258)","('property financial', 0.4165)","('fraudster', 0.4161)","('foreclosure fraud', 0.406)"
"('processing fee', 0.3898)","('pay bail', 0.3818)","('line credit', 0.3464)","('collect debt', 0.3447)","('debt occur', 0.3392)"
"('bankruptcy document', 0.5906)","('year equifax', 0.5724)","('credit report', 0.5547)","('chapter bankruptcy', 0.5436)","('equifax', 0.5285)"
"('credit report', 0.5065)","('report account', 0.4657)","('account incorrect', 0.4653)","('equifax', 0.4623)","('account open', 0.4613)"
"('autocredit finance', 0.6269)","('report credit', 0.6115)","('credit report', 0.5876)","('autocredit', 0.5549)","('report pay', 0.5019)"
"('credit history', 0.5603)","('credit report', 0.5472)","('credit company', 0.5106)","('address credit', 0.4805)","('validation credit', 0.4438)"
"('account gmac', 0.5819)","('discharge gmac', 0.5507)","('lease account', 0.5319)","('gmac operate', 0.5231)","('help gmac', 0.5221)"
"('problem payment', 0.5911)","('payment issue', 0.5654)","('payment region', 0.516)","('month problem', 0.4934)","('check bank', 0.466)"
"('credit report', 0.5791)","('reporting credit', 0.5288)","('debt list', 0.5252)","('collection agency', 0.497)","('copy credit', 0.4891)"
"('load sofi', 0.4202)","('concern load', 0.401)","('phone mail', 0.395)","('sofi file', 0.3929)","('paperwork send', 0.3906)"
"('appointment like', 0.3763)","('receive notification', 0.3657)","('date appointment', 0.3623)","('notification regard', 0.3578)","('appointment', 0.3543)"
"('santander consumer', 0.524)","('repossession santander', 0.5129)","('account santander', 0.4699)","('file santander', 0.424)","('debtfor respond', 0.4207)"
"('loan taxis', 0.5248)","('loan servicing', 0.5054)","('servicing loan', 0.4787)","('loan mod', 0.4564)","('unemployed loan', 0.4434)"
"('mortgage lawsuit', 0.5416)","('write attorney', 0.5272)","('foreclosure representative', 0.4933)","('inform lawyer', 0.4779)","('prove fraud', 0.4739)"
"('mortgage bank', 0.5304)","('discuss mortgage', 0.496)","('responsibility bank', 0.4902)","('bank mortgage', 0.4838)","('mortgage heloc', 0.48)"
"('disputed account', 0.6163)","('agency certigy', 0.5238)","('collection agency', 0.5105)","('certigy collection', 0.4942)","('report account', 0.4892)"
"('sue midland', 0.5457)","('answer lawsuit', 0.4997)","('claim breach', 0.4834)","('money claim', 0.4794)","('money dispute', 0.4759)"
"('atm withdrawal', 0.5133)","('fraud barclay', 0.5125)","('charge atm', 0.4938)","('barclay card', 0.4806)","('barclay cardmember', 0.4648)"
"('foreclosure action', 0.4409)","('foreclosure proceeding', 0.4383)","('claim assigner', 0.4328)","('substitute trustee', 0.4278)","('notarized', 0.4215)"
"('husband cash', 0.564)","('bank husband', 0.53)","('bank work', 0.4885)","('check cash', 0.4794)","('check deposit', 0.4623)"
"('mae loan', 0.5871)","('sallie mae', 0.5427)","('loan advise', 0.5122)","('loan', 0.4515)","('federal loan', 0.4347)"
"('file complaint', 0.5637)","('loan message', 0.5036)","('request document', 0.4665)","('complaint lack', 0.4336)","('status loan', 0.4032)"
"('accountis report', 0.5983)","('report account', 0.564)","('credit report', 0.5184)","('concern accountis', 0.4999)","('agency report', 0.4469)"
"('report loan', 0.5566)","('credit report', 0.4969)","('remove report', 0.4561)","('late payment', 0.4541)","('payment incorrectly', 0.4362)"
"('closed account', 0.613)","('close account', 0.5868)","('account usaa', 0.5807)","('breacher federal', 0.5793)","('data breacher', 0.5573)"
"('unauthorized inquiry', 0.7105)","('inquiry file', 0.6118)","('unauthorized', 0.4427)","('factual record', 0.4222)","('provide factual', 0.3598)"
"('fee credit', 0.5505)","('credit report', 0.5328)","('credit card', 0.5197)","('card pay', 0.4903)","('derogatory credit', 0.4586)"
"('balance waived', 0.5346)","('outstanding balance', 0.4938)","('request veteran', 0.493)","('veteran spirit', 0.4871)","('waived forgive', 0.4741)"
"('reduce mortgagepayment', 0.5018)","('mortgagepayment', 0.4959)","('paymentletter husband', 0.4851)","('month mortgage', 0.485)","('loan modification', 0.4734)"
"('judgment debt', 0.5318)","('bankruptcy court', 0.4725)","('collect judgment', 0.4719)","('motion court', 0.4581)","('judgment sell', 0.4442)"
"('citi complainant', 0.5431)","('citi terminate', 0.5217)","('citi credit', 0.5061)","('terminate complainant', 0.4799)","('card complainant', 0.4704)"
"('cmre request', 0.5265)","('credit report', 0.5117)","('collection refinance', 0.4882)","('refinance inquiry', 0.4607)","('cmre', 0.4419)"
"('escrow rebalance', 0.5948)","('loan escrow', 0.5658)","('condo refinance', 0.5475)","('refinance proof', 0.5288)","('refinance', 0.5288)"
"('mortgage modification', 0.5907)","('mortgage', 0.5063)","('assist mortgage', 0.5056)","('mortgage income', 0.4975)","('mortgage owner', 0.4951)"
"('debt number', 0.5317)","('collect debt', 0.4871)","('debt', 0.4218)","('windham', 0.368)","('ignore plea', 0.3665)"
"('loan modification', 0.5783)","('aplication loan', 0.5376)","('lender inform', 0.4717)","('loan', 0.4476)","('documentacion loan', 0.4255)"
"('identity theft', 0.6855)","('lot account', 0.5917)","('theft information', 0.5703)","('victim identity', 0.5394)","('account collection', 0.5373)"
"('report credit', 0.5047)","('reporting credit', 0.5023)","('credit report', 0.499)","('wife credit', 0.4861)","('capital account', 0.4508)"
"('credit collection', 0.5206)","('file judgement', 0.441)","('receive credit', 0.4093)","('express lawyer', 0.4083)","('collect sheriff', 0.3967)"
"('midland credit', 0.5806)","('contact midland', 0.5088)","('credit management', 0.4635)","('debt settlement', 0.4489)","('midland funding', 0.4483)"
"('late insurance', 0.8536)","('insurance company', 0.6365)","('pay late', 0.6261)","('insurance', 0.556)","('late', 0.3317)"
"('bureaus transunion', 0.5735)","('credit report', 0.5354)","('refuse information', 0.5141)","('transunion deny', 0.5133)","('transunion want', 0.4454)"
"('report debt', 0.5573)","('debt owe', 0.529)","('debt account', 0.5039)","('owe debt', 0.5038)","('owe', 0.4614)"
"('block fraudulent', 0.5612)","('fraudulent inq', 0.5184)","('transunion delete', 0.5151)","('delete illegal', 0.5091)","('block account', 0.4925)"
"('credit report', 0.5604)","('late credit', 0.5408)","('loan extension', 0.5296)","('car loan', 0.5225)","('financial report', 0.4942)"
"('account equifax', 0.641)","('equifax credit', 0.5578)","('equifax', 0.5529)","('report account', 0.5363)","('copy equifax', 0.5258)"
"('need lender', 0.4951)","('submit lender', 0.4859)","('mortgage company', 0.479)","('mortgage lender', 0.4641)","('mortgage loan', 0.4552)"
"('payment advance', 0.6321)","('advance payment', 0.6064)","('advance mortgage', 0.5827)","('loan advance', 0.5645)","('pay advance', 0.498)"
"('bank error', 0.5139)","('fargo bank', 0.4824)","('balance transfer', 0.4761)","('account credit', 0.465)","('transfer bank', 0.4444)"
"('loan service', 0.4743)","('house loan', 0.4726)","('boa loan', 0.4716)","('inquiry bank', 0.455)","('loan obtain', 0.4509)"
"('loan green', 0.4751)","('tree provide', 0.4181)","('note greentree', 0.418)","('mail green', 0.4107)","('debt verification', 0.4036)"
"('incarcerate cessation', 0.5795)","('involve incarcerate', 0.5009)","('account remain', 0.4703)","('retrieve fund', 0.4639)","('cessation sentence', 0.4565)"
"('write mortgage', 0.4888)","('mortgage provide', 0.4727)","('child support', 0.4637)","('mortgage social', 0.4428)","('mortgage', 0.437)"
"('mortgage letter', 0.4558)","('realize mortgage', 0.4391)","('home loan', 0.4316)","('mortgage', 0.4272)","('new mortgage', 0.4254)"
"('report debt', 0.5268)","('verify debt', 0.5171)","('repair debt', 0.5007)","('debt information', 0.494)","('validate debt', 0.4856)"
"('payment escrow', 0.549)","('credit report', 0.5207)","('escrow account', 0.5038)","('statement credit', 0.5018)","('pay escrow', 0.4902)"
"('deny credit', 0.6299)","('collection prior', 0.5097)","('credit pull', 0.5064)","('report collection', 0.4742)","('pull report', 0.4419)"
"('send payment', 0.572)","('payment arrangement', 0.5586)","('payment want', 0.5377)","('arrangement credit', 0.5239)","('letter payment', 0.5146)"
"('loan fha', 0.4848)","('fha loan', 0.4802)","('borrower fha', 0.4281)","('require fha', 0.4205)","('fargo servicer', 0.4124)"
"('contact experian', 0.5489)","('phone numberafter', 0.505)","('unable contact', 0.4897)","('hurting credit', 0.4522)","('contact', 0.414)"
"('fee activity', 0.5913)","('charge overdraft', 0.5893)","('bank charge', 0.5827)","('overdraft fee', 0.5523)","('overdraft contact', 0.5415)"
"('loan servicing', 0.5886)","('servicing loan', 0.5645)","('loan unexplained', 0.5578)","('serviced loan', 0.5389)","('home lender', 0.525)"
"('filing authority', 0.4118)","('mortgage processer', 0.4111)","('carolina attorney', 0.406)","('fraud federal', 0.404)","('mortgage fraud', 0.4013)"
"('notice owe', 0.5561)","('debt send', 0.519)","('received notice', 0.5054)","('debt collection', 0.5008)","('receive notice', 0.4987)"
"('claim dish', 0.598)","('dish network', 0.5166)","('network dish', 0.4984)","('agent dish', 0.4894)","('proof debt', 0.4645)"
"('apartment alarm', 0.5821)","('alarm apartment', 0.5702)","('receive apartment', 0.4777)","('apartment management', 0.4523)","('cable apartment', 0.4503)"
"('debt comcast', 0.55)","('immediately hang', 0.4686)","('eventually hang', 0.4639)","('comcast dispute', 0.4552)","('pop debt', 0.4275)"
"('owe debt', 0.5098)","('claim owe', 0.4989)","('debt old', 0.4856)","('phoenix equity', 0.482)","('accept debt', 0.4812)"
"('complaint equifax', 0.6044)","('equifax credit', 0.5685)","('equifax', 0.5394)","('report credit', 0.4521)","('credit reporting', 0.4462)"
"('chase credit', 0.6539)","('pay chase', 0.6386)","('account chase', 0.6134)","('balance chase', 0.6051)","('chase account', 0.6)"
"('credit report', 0.5513)","('payment credit', 0.5188)","('negative credit', 0.5137)","('credit account', 0.4991)","('account negative', 0.4404)"
"('equifax file', 0.5859)","('credit reporting', 0.5546)","('credit file', 0.5542)","('credit report', 0.5457)","('equifax', 0.5022)"
"('complaint experian', 0.5517)","('credit report', 0.4913)","('filing complaint', 0.4869)","('information fraud', 0.47)","('report filing', 0.4662)"
"('insure debt', 0.6038)","('report debt', 0.546)","('debt apply', 0.4921)","('pay debt', 0.4813)","('debt', 0.471)"
"('car loan', 0.4742)","('loan buy', 0.4315)","('chase bank', 0.4311)","('lien car', 0.4101)","('loan', 0.4095)"
"('credit alert', 0.6007)","('report contact', 0.577)","('credit report', 0.5768)","('post information', 0.4761)","('information contact', 0.4611)"
"('home refinanced', 0.583)","('refinanced accept', 0.5788)","('offer refinance', 0.5745)","('refinanced', 0.5546)","('refinance number', 0.5489)"
"('continue harassment', 0.5587)","('harassment', 0.542)","('erroneous account', 0.5273)","('harassment past', 0.501)","('unauthorized transgress', 0.491)"
"('equifax harass', 0.7218)","('harass equifax', 0.7042)","('equifax submit', 0.6708)","('equifax', 0.6691)","('equifax vice', 0.6254)"
"('punishment customer', 0.5575)","('chvron credit', 0.5475)","('chevron credit', 0.5375)","('customer pay', 0.522)","('card consumer', 0.52)"
"('ask billing', 0.4125)","('resume payment', 0.4105)","('billing statement', 0.4034)","('inform payment', 0.4025)","('enter payment', 0.3929)"
"('dispute investigation', 0.7551)","('investigation month', 0.7447)","('investigation', 0.582)","('dispute', 0.4459)","('month today', 0.3531)"
"('payment signing', 0.5405)","('mortgage payment', 0.5131)","('payment', 0.4945)","('pay house', 0.491)","('bank payment', 0.4849)"
"('verification debt', 0.7334)","('debt verify', 0.6792)","('recover debt', 0.5322)","('debt receive', 0.5113)","('request verification', 0.4462)"
"('credit report', 0.592)","('delete credit', 0.5595)","('report collection', 0.5332)","('list credit', 0.5324)","('collect account', 0.4975)"
"('verify debt', 0.6197)","('contact father', 0.6135)","('debt', 0.5006)","('father family', 0.4343)","('father', 0.334)"
"('owe car', 0.5296)","('county california', 0.5076)","('pay car', 0.4944)","('california car', 0.437)","('car payment', 0.4309)"
"('collection agency', 0.593)","('debt collection', 0.5856)","('agency abuse', 0.5743)","('collection report', 0.5395)","('report collection', 0.4866)"
"('balance owe', 0.7448)","('owe debt', 0.6981)","('owe', 0.6399)","('debt company', 0.5994)","('debt', 0.5813)"
"('charge cancel', 0.6028)","('cancel charge', 0.5845)","('cancel say', 0.5651)","('service cancel', 0.5556)","('tell cancel', 0.552)"
"('block number', 0.5325)","('number continue', 0.4992)","('leave message', 0.4259)","('phone number', 0.4252)","('message block', 0.4198)"
"('credit report', 0.5302)","('payment list', 0.4697)","('request credit', 0.4658)","('list credit', 0.4642)","('address box', 0.4634)"
"('overdraft fee', 0.5552)","('charge overdraft', 0.5384)","('revenue overdraft', 0.5081)","('make bank', 0.4967)","('fee transfer', 0.4905)"
"('collection record', 0.8495)","('record incorrect', 0.6754)","('collection', 0.6668)","('record', 0.4581)","('incorrect', 0.3484)"
"('assess overdraft', 0.6025)","('overdraft post', 0.5826)","('end balance', 0.5449)","('overdraft item', 0.5437)","('overdraft', 0.5377)"
"('equifax report', 0.5524)","('bankruptcy dispute', 0.4967)","('old bankruptcy', 0.4863)","('dispute account', 0.4825)","('wrong date', 0.4656)"
"('late charge', 0.5819)","('charge late', 0.5457)","('charge promotion', 0.4663)","('card late', 0.4513)","('remove late', 0.4365)"
"('verification debt', 0.5589)","('default credit', 0.556)","('debt collector', 0.5543)","('debt charge', 0.4885)","('information irs', 0.4877)"
"('gmac mortgage', 0.6346)","('payment fraudulent', 0.5949)","('foreclosure negotiation', 0.5205)","('foreclosure', 0.5123)","('faith foreclosure', 0.4992)"
"('pmi cancel', 0.5732)","('loan automatic', 0.5507)","('pmi late', 0.525)","('house pmi', 0.5243)","('pay pmi', 0.5181)"
"('fraud letter', 0.5414)","('account incorrect', 0.4866)","('depot fail', 0.4816)","('confirm charge', 0.443)","('fraud', 0.4417)"
"('erc debt', 0.5441)","('telephone erc', 0.5164)","('credit bureaus', 0.4975)","('report credit', 0.4859)","('debt collection', 0.4555)"
"('payday loan', 0.5569)","('suspend payday', 0.5147)","('threaten warrant', 0.514)","('company threaten', 0.5115)","('license suspend', 0.4832)"
"('charge bank', 0.5158)","('payment month', 0.5083)","('payment period', 0.499)","('direct deposit', 0.4858)","('contact bank', 0.4702)"
"('express card', 0.624)","('card amex', 0.5778)","('complain amex', 0.5723)","('amex charge', 0.5251)","('express', 0.4966)"
"('bmw lease', 0.6808)","('payment bmw', 0.6298)","('lease account', 0.564)","('late payment', 0.5447)","('lease', 0.4255)"
"('equifax credit', 0.611)","('credit report', 0.5484)","('equifax', 0.5245)","('credit entry', 0.4785)","('report entry', 0.4575)"
"('modification bank', 0.5437)","('mortgage processing', 0.5224)","('loan modification', 0.5043)","('mortgage bank', 0.4957)","('mortgage', 0.4766)"
"('loan modification', 0.6726)","('work loan', 0.6254)","('loan', 0.5594)","('payment refinance', 0.5505)","('refinance', 0.5129)"
"('account credit', 0.5635)","('credit report', 0.5372)","('purchase balance', 0.4837)","('report account', 0.4738)","('account life', 0.4732)"
"('balance account', 0.7564)","('past balance', 0.6549)","('balance', 0.4988)","('account', 0.474)","('say past', 0.3158)"
"('dispute debt', 0.6071)","('report debt', 0.5958)","('debt correct', 0.5755)","('letter dispute', 0.5613)","('money owe', 0.5551)"
"('loan servicing', 0.5087)","('complete borrower', 0.5087)","('seek refinance', 0.4974)","('loan modification', 0.4925)","('loan', 0.482)"
"('referral itac', 0.5463)","('identity theft', 0.4789)","('theft issue', 0.4671)","('theft assistance', 0.4307)","('itac victim', 0.4187)"
"('contact amex', 0.7116)","('amex serve', 0.6069)","('amex', 0.5932)","('american express', 0.5456)","('express', 0.5115)"
"('modify loan', 0.473)","('deny home', 0.4644)","('modifying loan', 0.4556)","('loan say', 0.4421)","('lender predatory', 0.4185)"
"('setup payment', 0.4914)","('inform account', 0.4874)","('letter confirming', 0.4645)","('receive contact', 0.4418)","('payment arrangement', 0.4387)"
"('hung csr', 0.5019)","('freeze dept', 0.427)","('dept csr', 0.4269)","('security freeze', 0.4206)","('csr', 0.4198)"
"('supoena courthouse', 0.5072)","('courthouse ask', 0.4413)","('subpoena deposition', 0.4326)","('courthouse', 0.4146)","('subpoena process', 0.4117)"
"('credit dentist', 0.4979)","('overcharge dentist', 0.4685)","('charge dentist', 0.4643)","('dentistry care', 0.4319)","('dentist care', 0.424)"
"('medicaid doctor', 0.4334)","('time medicaid', 0.4305)","('medicaid', 0.419)","('report credit', 0.4022)","('say owe', 0.4017)"
"('processing borrower', 0.4965)","('property fraud', 0.4927)","('borrower deny', 0.4916)","('mitigation borrower', 0.4897)","('fraudulent statement', 0.4819)"
"('credit report', 0.5596)","('collection credit', 0.5529)","('dept credit', 0.5389)","('credit write', 0.5377)","('apartment collection', 0.5284)"
"('debt notification', 0.5273)","('alert credit', 0.4833)","('credit report', 0.446)","('credit advise', 0.4248)","('respond credit', 0.4143)"
"('report synchrony', 0.5426)","('credit report', 0.5134)","('synchrony bank', 0.5047)","('remove credit', 0.4789)","('close credit', 0.4781)"
"('debt boss', 0.6148)","('old debt', 0.5867)","('debt cell', 0.5755)","('debt', 0.5058)","('information debt', 0.4813)"
"('capital apr', 0.5963)","('variable apr', 0.5812)","('apr rate', 0.5786)","('lower apr', 0.5725)","('apr law', 0.5657)"
"('complaint chase', 0.6922)","('chase provide', 0.6128)","('chase mortgage', 0.6087)","('agreement chase', 0.6033)","('chase committee', 0.5854)"
"('validate debt', 0.6679)","('letter debt', 0.6575)","('debt validation', 0.6193)","('send debt', 0.5551)","('owe debt', 0.5453)"
"('catolog credit', 0.5834)","('credit line', 0.5736)","('payment credit', 0.5449)","('credit company', 0.5443)","('credit reporting', 0.5299)"
"('wells fargo', 0.4359)","('fee delinquency', 0.311)","('delinquent charge', 0.3081)","('deferment deny', 0.3048)","('demand payment', 0.2994)"
"('military contract', 0.5366)","('contract station', 0.5183)","('training purchase', 0.4805)","('soldier training', 0.4112)","('company training', 0.4018)"
"('submit housing', 0.5573)","('housing counselor', 0.5259)","('homeowner health', 0.4904)","('counselor homeowner', 0.4903)","('hamp submit', 0.4515)"
"('tdbank', 0.5466)","('tdbank mess', 0.5426)","('payment court', 0.4834)","('remove payment', 0.4578)","('fee mortgage', 0.44)"
"('cancellation loan', 0.5427)","('cancellation mortgage', 0.5136)","('mortgage record', 0.4871)","('lender refinance', 0.4759)","('refinance transaction', 0.4662)"
"('payment icr', 0.5221)","('loan consider', 0.5181)","('loan collection', 0.5172)","('pay loan', 0.5135)","('student loan', 0.501)"
"('modification approve', 0.5145)","('loan modification', 0.4939)","('review loan', 0.4694)","('receive modification', 0.4441)","('report midst', 0.4235)"
"('loan speedy', 0.5816)","('payday loan', 0.5394)","('continue loan', 0.535)","('stop loan', 0.5346)","('pay loan', 0.5321)"
"('account reopen', 0.6069)","('close account', 0.5565)","('account authorization', 0.4494)","('victim theft', 0.4475)","('depot credit', 0.4425)"
"('account citigold', 0.5636)","('citigold account', 0.5601)","('citi bank', 0.5499)","('citibank citigold', 0.5459)","('citigold check', 0.5453)"
"('kohls account', 0.5826)","('card kohls', 0.5607)","('owe store', 0.5301)","('store credit', 0.5038)","('kohls', 0.4698)"
"('predatory loan', 0.5731)","('capitalize loan', 0.5078)","('mortgage issue', 0.4929)","('resolve mortgage', 0.4919)","('property mortgage', 0.4882)"
"('voicemail pst', 0.5059)","('dial leave', 0.492)","('phone time', 0.4821)","('fdcpa contact', 0.4684)","('leave voicemail', 0.4608)"
"('cancel check', 0.4714)","('email cancel', 0.4503)","('continue receive', 0.438)","('pay send', 0.4281)","('copy cancel', 0.4237)"
"('company lie', 0.5646)","('escrow mortgage', 0.521)","('bank escrow', 0.4911)","('escrow say', 0.4848)","('misleading promise', 0.4806)"
"('validation lvnv', 0.5542)","('lvnv funding', 0.5476)","('lvnv ignore', 0.5322)","('error credit', 0.4806)","('lvnv', 0.4756)"
"('carpet apartment', 0.4852)","('accusation lease', 0.4827)","('lease office', 0.4826)","('carpet invoice', 0.4806)","('reside owe', 0.4767)"
"('account capitalone', 0.5864)","('withdrawal account', 0.5708)","('withdrawal bank', 0.5585)","('account regularly', 0.5354)","('account deposit', 0.5329)"
"('fraud banking', 0.5013)","('credit union', 0.4734)","('credit bureaus', 0.4657)","('reported credit', 0.4577)","('notice credit', 0.453)"
"('court account', 0.559)","('county court', 0.524)","('court file', 0.4962)","('credit report', 0.4374)","('account warrant', 0.4101)"
"('report remove', 0.6217)","('loan remove', 0.6104)","('remove inquiry', 0.498)","('account report', 0.4686)","('report open', 0.4679)"
"('credit report', 0.54)","('state mail', 0.475)","('address credit', 0.4598)","('mail validation', 0.4117)","('wife live', 0.4114)"
"('lose job', 0.5528)","('continue pay', 0.4782)","('phone week', 0.4636)","('week pay', 0.4195)","('make payment', 0.4093)"
"('card deny', 0.5513)","('apply amex', 0.5479)","('obligation amex', 0.5254)","('amex plum', 0.4596)","('check amex', 0.4596)"
"('pay review', 0.5137)","('collect owe', 0.5077)","('renton collection', 0.5005)","('credit report', 0.487)","('owe care', 0.4312)"
"('wells fargo', 0.452)","('mortgage wells', 0.4436)","('fargo bank', 0.4432)","('bank belong', 0.4418)","('attorney disclosure', 0.4386)"
"('ohio disconnect', 0.4548)","('disconnect repeat', 0.3837)","('medicaid office', 0.3697)","('blaster time', 0.3612)","('speak medicaid', 0.3592)"
"('company bank', 0.4754)","('credit report', 0.4702)","('report permission', 0.4116)","('inquiry credit', 0.395)","('bank', 0.3892)"
"('equifax credit', 0.6091)","('letter equifax', 0.5874)","('equifax remove', 0.5721)","('equifax incur', 0.5553)","('exception equifax', 0.5543)"
"('loan late', 0.5248)","('loan escrow', 0.5221)","('loan bank', 0.5104)","('late payment', 0.4969)","('bank advise', 0.4907)"
"('online nissan', 0.535)","('late fee', 0.5275)","('payment day', 0.499)","('nissan finance', 0.4822)","('pay online', 0.4794)"
"('loan transfer', 0.5302)","('loan servicing', 0.5222)","('request bank', 0.4928)","('mortgage loan', 0.4918)","('bank statement', 0.4803)"
"('citibank action', 0.5602)","('condition citibank', 0.506)","('citi bank', 0.5005)","('citibank', 0.4823)","('fcra refund', 0.4446)"
"('identity theft', 0.6416)","('victim identity', 0.5096)","('theft open', 0.4862)","('speak creditor', 0.4781)","('creditor aware', 0.4632)"
"('payment chase', 0.5743)","('payment taxis', 0.5429)","('delinquent chase', 0.5029)","('chase pay', 0.4922)","('report chase', 0.4832)"
"('request debt', 0.6289)","('debt validation', 0.5823)","('company letter', 0.5106)","('validation company', 0.4747)","('letter request', 0.4664)"
"('phone credit', 0.579)","('owe cell', 0.5522)","('credit report', 0.5484)","('claim owe', 0.4973)","('owe', 0.4153)"
"('threaten sheriff', 0.5251)","('sheriff advice', 0.486)","('account draft', 0.4458)","('local sheriff', 0.4212)","('pay bank', 0.4186)"
"('payment day', 0.557)","('bank online', 0.545)","('payment bank', 0.5218)","('payment escrow', 0.5147)","('mortgage payment', 0.508)"
"('bankruptcy transunion', 0.6811)","('remove dispute', 0.5745)","('creditor discharge', 0.5653)","('chapter bankruptcy', 0.5517)","('bankruptcy', 0.5213)"
"('credit report', 0.5738)","('credit bureau', 0.5556)","('debt company', 0.5386)","('bureau remove', 0.5262)","('debt credit', 0.5128)"
"('help lender', 0.5579)","('mortgage need', 0.5437)","('home foreclose', 0.5141)","('foreclosure', 0.508)","('foreclosure prevention', 0.5066)"
"('account homebridge', 0.6092)","('homebridge financial', 0.5942)","('mortgage company', 0.5133)","('mortgage payment', 0.4861)","('financial mortgage', 0.4833)"
"('portfolio collecting', 0.5034)","('collecting phone', 0.4787)","('portfolio', 0.412)","('phone state', 0.4022)","('look father', 0.3052)"
"('usaa bank', 0.4013)","('like robbery', 0.3868)","('bank like', 0.368)","('robbery say', 0.3669)","('usaa owe', 0.3612)"
"('wife owe', 0.5611)","('company owe', 0.5372)","('owe money', 0.5272)","('debt old', 0.4852)","('owe', 0.4796)"
"('collect debt', 0.6485)","('constantly debt', 0.6162)","('debt collection', 0.6147)","('husband debt', 0.6133)","('debt people', 0.6075)"
"('loan company', 0.5062)","('payment arrangement', 0.4798)","('loan', 0.4479)","('correspondence mail', 0.4475)","('arrangement credit', 0.4405)"
"('want debt', 0.6522)","('debt want', 0.6213)","('consider bankruptcy', 0.5872)","('debt', 0.5477)","('bankruptcy', 0.5451)"
"('bank automate', 0.4939)","('auto payment', 0.4631)","('bank help', 0.4561)","('banking intitution', 0.4502)","('ask billing', 0.444)"
"('bankruptcy discharge', 0.633)","('property bankruptcy', 0.6118)","('bankruptcy', 0.5498)","('threatening mortgage', 0.5186)","('discharge send', 0.4483)"
"('line payment', 0.5789)","('payment coupon', 0.5564)","('request mortgage', 0.5327)","('payment help', 0.5263)","('payment mail', 0.5207)"
"('file complaint', 0.5273)","('service misrepresent', 0.485)","('wells fargo', 0.4251)","('fargo furniture', 0.4247)","('complaint regard', 0.4015)"
"('limitation law', 0.6498)","('statue limitation', 0.6196)","('law violate', 0.5129)","('action limit', 0.4733)","('limitation', 0.4692)"
"('complaint florida', 0.5504)","('file complaint', 0.4339)","('office hyundai', 0.3837)","('hyundai motor', 0.3489)","('complaint', 0.3358)"
"('account equifax', 0.5336)","('equifax', 0.5156)","('reporting agency', 0.4881)","('complaint agency', 0.4863)","('equifax feel', 0.4845)"
"('pay macy', 0.5551)","('macy receive', 0.4709)","('charge balance', 0.4685)","('receive charge', 0.4474)","('happen macy', 0.4332)"
"('credit balance', 0.5513)","('credit payment', 0.5286)","('account credit', 0.5285)","('credit electronically', 0.522)","('statement billing', 0.5132)"
"('ask check', 0.5203)","('bank bogus', 0.5069)","('check account', 0.4669)","('check score', 0.4616)","('bank ask', 0.4594)"
"('loan modification', 0.5968)","('file loan', 0.5354)","('payment increase', 0.5309)","('account balance', 0.5064)","('payment principal', 0.4997)"
"('sue debt', 0.5294)","('lender cease', 0.5274)","('loan allege', 0.5234)","('continue debit', 0.4896)","('lender recvd', 0.4861)"
"('process loan', 0.4869)","('loan modification', 0.4241)","('provide loan', 0.4055)","('document advise', 0.4053)","('bank statement', 0.3989)"
"('sign contract', 0.57)","('cancel lease', 0.5258)","('lease year', 0.5256)","('lease', 0.5118)","('lease know', 0.5)"
"('contact mortgage', 0.5137)","('information mortgage', 0.512)","('contact financial', 0.4702)","('mortgage loan', 0.456)","('mortgage internet', 0.4414)"
"('southwest credit', 0.5216)","('account southwest', 0.4624)","('verify debt', 0.4185)","('document southwest', 0.4111)","('debt request', 0.3889)"
"('debit credit', 0.5379)","('payment debit', 0.5358)","('speak recovery', 0.5118)","('recovery management', 0.4909)","('debit', 0.4762)"
"('bank fraudulent', 0.5809)","('loan social', 0.4782)","('apply financing', 0.4439)","('vechile loan', 0.4435)","('loan', 0.4193)"
"('bureau cfpb', 0.5089)","('servicing mortgage', 0.4591)","('documentation mortgage', 0.4388)","('mortgage practice', 0.4248)","('mortgage company', 0.4224)"
"('owr receive', 0.5465)","('request bank', 0.4416)","('package owr', 0.4391)","('send modification', 0.4325)","('notification receive', 0.4311)"
"('modification award', 0.4663)","('tier modification', 0.4155)","('wells fargo', 0.409)","('home affordable', 0.4028)","('fargo home', 0.3702)"
"('replacement card', 0.5414)","('send card', 0.5294)","('card rush', 0.5041)","('rush card', 0.4972)","('contact office', 0.4456)"
"('complaint hsbc', 0.6817)","('file complaint', 0.5866)","('complaint case', 0.5598)","('hsbc respond', 0.5434)","('respond complaint', 0.5267)"
"('sears update', 0.5298)","('sears issue', 0.5219)","('contact sears', 0.4739)","('card sears', 0.4708)","('sears online', 0.4669)"
"('report equifax', 0.6571)","('equifax', 0.5857)","('equifax credit', 0.5646)","('credit report', 0.5244)","('permission report', 0.519)"
"('california debt', 0.5739)","('court california', 0.5092)","('attorney zwicker', 0.4724)","('collection company', 0.4639)","('debt year', 0.4559)"
"('express card', 0.5291)","('fee issuance', 0.5077)","('card issue', 0.4979)","('card confirm', 0.4951)","('card credit', 0.4616)"
"('credit report', 0.5095)","('place credit', 0.4883)","('debt place', 0.4399)","('buying home', 0.3566)","('debt', 0.3506)"
"('fund submit', 0.5141)","('card close', 0.5022)","('close blackhawk', 0.4443)","('blackhawk time', 0.4294)","('submit doc', 0.4076)"
"('transaction dispute', 0.5559)","('transaction rebill', 0.5436)","('dispute transaction', 0.5284)","('account merchant', 0.5142)","('rebill transaction', 0.5096)"
"('credit reporting', 0.6177)","('credit report', 0.6124)","('report debt', 0.5064)","('report negatively', 0.4956)","('report wrong', 0.4912)"
"('bankruptcy list', 0.5398)","('report open', 0.5135)","('credit report', 0.4965)","('llc bankruptcy', 0.4853)","('midland funding', 0.4839)"
"('contact realtor', 0.5451)","('realtor request', 0.538)","('process realtor', 0.5193)","('paperwork process', 0.4973)","('realtor information', 0.4749)"
"('fax document', 0.4794)","('fax number', 0.476)","('document fax', 0.4746)","('try fax', 0.4734)","('loan modification', 0.4632)"
"('credit report', 0.4924)","('federal credit', 0.4839)","('resolve credit', 0.4746)","('credit union', 0.4697)","('complaint cfpb', 0.4623)"
"('verify debt', 0.6116)","('verification debt', 0.6101)","('report debt', 0.5603)","('validate debt', 0.5398)","('debt collection', 0.5312)"
"('loan information', 0.5291)","('activityi credit', 0.4815)","('fico score', 0.4373)","('file lender', 0.4349)","('online acct', 0.425)"
"('complaint bank', 0.5407)","('mortgage loan', 0.5061)","('loan modification', 0.4916)","('modification loan', 0.4852)","('letter foreclosure', 0.4804)"
"('mortgage try', 0.4575)","('loan loan', 0.4423)","('loan try', 0.4204)","('loan written', 0.4182)","('loan', 0.4161)"
"('discover pay', 0.5604)","('discover barclay', 0.5415)","('payment auto', 0.5408)","('barclay credit', 0.5308)","('late fee', 0.5173)"
"('erase creditor', 0.6507)","('debt help', 0.6178)","('creditor try', 0.6062)","('write creditor', 0.5953)","('try credit', 0.5361)"
